{
  "config": {
    "run_name": "exp1_2",
    "out_dir": "./results",
    "seed": 232772169,
    "device": null,
    "bs_train": 128,
    "bs_test": 40,
    "batches": 150,
    "epochs": 50,
    "early_stopping": 3,
    "checkpoints": null,
    "lr": 0.05,
    "reg": 0.001,
    "filters_per_layer": [
      32
    ],
    "layers_per_block": 8,
    "pool_every": 2,
    "hidden_dims": [
      100,
      100,
      100
    ],
    "model_type": "cnn",
    "kw": {}
  },
  "results": {
    "num_epochs": 0,
    "train_loss": [
      2.303512411117554,
      2.302840944925944,
      2.302744476000468,
      2.3027283175786337,
      2.3027252038319905
    ],
    "train_acc": [
      10.067708333333334,
      10.036458333333334,
      9.979166666666666,
      10.15625,
      10.192708333333334
    ],
    "test_loss": [
      2.302776821454366,
      2.3026966110865277,
      2.3027130699157716,
      2.3027265008290607,
      2.302732373873393
    ],
    "test_acc": [
      10.1,
      10.1,
      10.1,
      10.1,
      10.1
    ]
  }
}