{
  "config": {
    "run_name": "exp1_3",
    "out_dir": "./results",
    "seed": 1599494572,
    "device": null,
    "bs_train": 128,
    "bs_test": 40,
    "batches": 150,
    "epochs": 50,
    "early_stopping": 3,
    "checkpoints": null,
    "lr": 0.05,
    "reg": 0.001,
    "filters_per_layer": [
      64,
      128,
      256
    ],
    "layers_per_block": 3,
    "pool_every": 2,
    "hidden_dims": [
      100,
      100,
      100
    ],
    "model_type": "cnn",
    "kw": {}
  },
  "results": {
    "num_epochs": 0,
    "train_loss": [
      2.3034718640645346,
      2.3028517866134646,
      2.3027586062749226,
      2.3027425050735473,
      2.3027385807037355,
      2.302737325032552,
      2.3027368370691934,
      2.3027365827560424,
      2.302736441294352,
      2.302736307779948,
      2.302736179033915,
      2.302736021677653,
      2.302735891342163,
      2.302735810279846,
      2.302735652923584,
      2.3027355527877806,
      2.302735441525777
    ],
    "train_acc": [
      10.041666666666666,
      10.135416666666666,
      10.020833333333334,
      10.03125,
      10.114583333333334,
      10.078125,
      10.078125,
      10.078125,
      10.078125,
      10.078125,
      10.078125,
      10.078125,
      10.078125,
      10.078125,
      10.078125,
      10.078125,
      10.078125
    ],
    "test_loss": [
      2.302812730471293,
      2.3026315704981486,
      2.3026058038075763,
      2.3026017268498737,
      2.3026005045572915,
      2.3025997273127237,
      2.30259979724884,
      2.30259979724884,
      2.302599665323893,
      2.3025998973846438,
      2.3025997511545815,
      2.3025996271769205,
      2.3025995890299478,
      2.3025995175043743,
      2.30259978612264,
      2.302599673271179,
      2.3025995540618895
    ],
    "test_acc": [
      10.166666666666666,
      10.166666666666666,
      10.166666666666666,
      10.166666666666666,
      10.166666666666666,
      10.166666666666666,
      10.166666666666666,
      10.166666666666666,
      10.166666666666666,
      10.166666666666666,
      10.166666666666666,
      10.166666666666666,
      10.166666666666666,
      10.166666666666666,
      10.166666666666666,
      10.166666666666666,
      10.166666666666666
    ]
  }
}