{
  "config": {
    "run_name": "exp1_1",
    "out_dir": "./results",
    "seed": 1085508196,
    "device": null,
    "bs_train": 128,
    "bs_test": 40,
    "batches": 150,
    "epochs": 50,
    "early_stopping": 3,
    "checkpoints": null,
    "lr": 0.05,
    "reg": 0.001,
    "filters_per_layer": [
      32
    ],
    "layers_per_block": 4,
    "pool_every": 2,
    "hidden_dims": [
      100,
      100,
      100
    ],
    "model_type": "cnn",
    "kw": {}
  },
  "results": {
    "num_epochs": 0,
    "train_loss": [
      2.302960201899211,
      2.302599244117737,
      2.302452570597331,
      2.302266392707825,
      2.3018747981389365,
      2.300584610303243,
      2.2925194358825682,
      2.2033203856150307,
      2.0917864227294922,
      2.022198884487152,
      1.9699959015846253,
      1.9249771722157796,
      1.8887314176559449,
      1.8575871038436889,
      1.8275962328910829,
      1.7945018513997395,
      1.7444556244214375,
      1.7012603600819907,
      1.663929648399353,
      1.6195742392539978,
      1.5701185886065165,
      1.531584407488505,
      1.4915655485788981,
      1.4433071517944336,
      1.4019645428657532,
      1.3538323752085368,
      1.3134681860605875,
      1.2751089628537495,
      1.2343665377298991,
      1.1912934430440267,
      1.1561518589655557,
      1.1082169044017791,
      1.0676008387406668,
      1.0270619944731394,
      0.9862617365519206,
      0.926833743651708,
      0.8827850604057312,
      0.8231528294086456
    ],
    "train_acc": [
      10.015625,
      9.9375,
      10.385416666666666,
      10.333333333333334,
      10.5625,
      11.28125,
      15.145833333333334,
      18.354166666666668,
      23.239583333333332,
      25.875,
      28.177083333333332,
      29.786458333333332,
      31.125,
      32.489583333333336,
      33.973958333333336,
      35.557291666666664,
      37.463541666666664,
      39.161458333333336,
      40.338541666666664,
      41.963541666666664,
      43.770833333333336,
      45.020833333333336,
      46.765625,
      48.28125,
      49.880208333333336,
      51.421875,
      52.953125,
      54.270833333333336,
      56.026041666666664,
      57.546875,
      58.713541666666664,
      60.609375,
      61.791666666666664,
      63.453125,
      64.9375,
      67.21875,
      69.00520833333333,
      71.234375
    ],
    "test_loss": [
      2.30275715192159,
      2.3024353965123496,
      2.3022310813268025,
      2.301956262588501,
      2.301298851966858,
      2.298579521179199,
      2.27682088692983,
      2.1041145968437194,
      2.08105535586675,
      1.9782368143399556,
      2.0297082368532817,
      1.9373916522661845,
      1.8437887946764628,
      1.8885586802164713,
      1.8019256258010865,
      1.7578379201889038,
      1.8117869464556375,
      1.706521311601003,
      1.74607896566391,
      1.6341959897677103,
      1.6630501294136046,
      1.5827630281448364,
      1.5779696464538575,
      1.5196545147895812,
      1.5057643636067708,
      1.4908379920323689,
      1.4644482930501301,
      1.3940081230799357,
      1.402974974711736,
      1.3720177559057871,
      1.4711410256226858,
      1.364562799135844,
      1.424103311697642,
      1.385250739256541,
      1.3556544053554536,
      1.4055188433329264,
      1.46989892522494,
      1.4637642641862234
    ],
    "test_acc": [
      9.65,
      12.666666666666666,
      10.366666666666667,
      12.133333333333333,
      13.8,
      16.333333333333332,
      14.966666666666667,
      23.2,
      24.316666666666666,
      29.366666666666667,
      28.55,
      29.75,
      32.6,
      31.6,
      35.0,
      36.86666666666667,
      36.11666666666667,
      39.96666666666667,
      38.833333333333336,
      41.4,
      41.46666666666667,
      43.95,
      43.95,
      46.11666666666667,
      47.05,
      47.81666666666667,
      48.55,
      51.016666666666666,
      50.93333333333333,
      52.333333333333336,
      50.7,
      54.03333333333333,
      51.416666666666664,
      53.71666666666667,
      55.05,
      54.15,
      53.516666666666666,
      54.36666666666667
    ]
  }
}