{
  "config": {
    "run_name": "exp1_4",
    "out_dir": "./results",
    "seed": 116570336,
    "device": null,
    "bs_train": 128,
    "bs_test": 40,
    "batches": 150,
    "epochs": 50,
    "early_stopping": 3,
    "checkpoints": null,
    "lr": 0.05,
    "reg": 0.001,
    "filters_per_layer": [
      32
    ],
    "layers_per_block": 8,
    "pool_every": 2,
    "hidden_dims": [
      100,
      100,
      100
    ],
    "model_type": "resnet",
    "kw": {}
  },
  "results": {
    "num_epochs": 0,
    "train_loss": [
      2.30265295346578,
      2.300033326148987,
      2.2947065273920697,
      2.258754024505615,
      2.160996058781942,
      2.079528550306956,
      2.0295731163024904,
      1.9844373154640198,
      1.9256767145792644,
      1.8520925402641297,
      1.7697761297225951,
      1.705763992468516,
      1.6400677673021953,
      1.5836038986841838,
      1.5264758078257243,
      1.4748921982447307,
      1.4230968523025513,
      1.3877224413553875,
      1.3446283690134684,
      1.3007434046268462,
      1.2575946927070618,
      1.2106030587355296,
      1.185590023994446,
      1.135411429007848,
      1.0978481606642405,
      1.061167423327764,
      1.024754677216212,
      0.995482611656189
    ],
    "train_acc": [
      10.052083333333334,
      14.515625,
      17.026041666666668,
      18.078125,
      18.744791666666668,
      22.463541666666668,
      24.614583333333332,
      26.697916666666668,
      29.213541666666668,
      31.755208333333332,
      34.53125,
      36.578125,
      38.651041666666664,
      41.421875,
      43.604166666666664,
      45.4375,
      47.135416666666664,
      48.880208333333336,
      50.458333333333336,
      52.135416666666664,
      53.71875,
      55.645833333333336,
      56.744791666666664,
      58.703125,
      59.942708333333336,
      61.494791666666664,
      62.677083333333336,
      64.28645833333333
    ],
    "test_loss": [
      2.3009375953674316,
      2.2981000487009684,
      2.2878637075424195,
      2.1767078828811646,
      2.0726438347498575,
      2.0121974515914918,
      1.9694422674179077,
      1.911886047522227,
      1.8709834702809651,
      1.7833558019002278,
      1.74648601770401,
      1.7561673084894815,
      1.7278872235616047,
      1.6537460160255433,
      1.5590684223175049,
      1.4876971673965453,
      1.4266263941923778,
      1.400535470644633,
      1.3825517253081003,
      1.3935271108150482,
      1.3198480399449666,
      1.3119242537021636,
      1.343671723206838,
      1.2061371799310048,
      1.1669895788033804,
      1.2046532980600992,
      1.2497427650292714,
      1.246367074251175
    ],
    "test_acc": [
      12.483333333333333,
      17.366666666666667,
      17.7,
      16.183333333333334,
      22.266666666666666,
      24.566666666666666,
      27.283333333333335,
      30.183333333333334,
      31.583333333333332,
      34.166666666666664,
      34.833333333333336,
      34.71666666666667,
      36.166666666666664,
      38.916666666666664,
      42.55,
      44.833333333333336,
      47.016666666666666,
      48.43333333333333,
      49.65,
      49.43333333333333,
      51.983333333333334,
      52.583333333333336,
      51.68333333333333,
      56.88333333333333,
      58.1,
      57.5,
      56.53333333333333,
      55.61666666666667
    ]
  }
}