{
  "config": {
    "run_name": "exp1_1",
    "out_dir": "./results",
    "seed": 803789694,
    "device": null,
    "bs_train": 128,
    "bs_test": 40,
    "batches": 150,
    "epochs": 50,
    "early_stopping": 3,
    "checkpoints": null,
    "lr": 0.05,
    "reg": 0.001,
    "filters_per_layer": [
      64
    ],
    "layers_per_block": 8,
    "pool_every": 2,
    "hidden_dims": [
      100,
      100,
      100
    ],
    "model_type": "cnn",
    "kw": {}
  },
  "results": {
    "num_epochs": 0,
    "train_loss": [
      2.3033491627375287,
      2.302747680346171,
      2.3026731189092002,
      2.3026623137791953,
      2.3026601378122966
    ],
    "train_acc": [
      9.916666666666666,
      10.244791666666666,
      10.135416666666666,
      10.322916666666666,
      10.296875
    ],
    "test_loss": [
      2.302759224573771,
      2.302684055964152,
      2.3026967732111614,
      2.3027057218551636,
      2.3027094713846843
    ],
    "test_acc": [
      9.75,
      10.15,
      10.15,
      10.15,
      10.15
    ]
  }
}