{
  "config": {
    "run_name": "exp1_1",
    "out_dir": "./results",
    "seed": 1953790155,
    "device": null,
    "bs_train": 128,
    "bs_test": 40,
    "batches": 150,
    "epochs": 50,
    "early_stopping": 3,
    "checkpoints": null,
    "lr": 0.05,
    "reg": 0.001,
    "filters_per_layer": [
      64
    ],
    "layers_per_block": 16,
    "pool_every": 4,
    "hidden_dims": [
      100,
      100,
      100
    ],
    "model_type": "cnn",
    "kw": {}
  },
  "results": {
    "num_epochs": 0,
    "train_loss": [
      2.3032248640060424,
      2.3027104775110883,
      2.3026548131306965,
      2.302647945086161
    ],
    "train_acc": [
      10.010416666666666,
      9.989583333333334,
      10.119791666666666,
      10.104166666666666
    ],
    "test_loss": [
      2.3026810455322266,
      2.302742913564046,
      2.302791032791138,
      2.3028095086415608
    ],
    "test_acc": [
      10.216666666666667,
      10.183333333333334,
      9.733333333333333,
      9.733333333333333
    ]
  }
}