{
  "config": {
    "run_name": "exp1_2",
    "out_dir": "./results",
    "seed": 147817768,
    "device": null,
    "bs_train": 128,
    "bs_test": 40,
    "batches": 150,
    "epochs": 50,
    "early_stopping": 3,
    "checkpoints": null,
    "lr": 0.05,
    "reg": 0.001,
    "filters_per_layer": [
      256
    ],
    "layers_per_block": 4,
    "pool_every": 2,
    "hidden_dims": [
      100,
      100,
      100
    ],
    "model_type": "cnn",
    "kw": {}
  },
  "results": {
    "num_epochs": 0,
    "train_loss": [
      2.303643790880839,
      2.301935701370239,
      2.2998439836502076,
      2.2627562204996745,
      2.1328264474868774,
      2.0227212953567504,
      1.9494237979253133,
      1.871890184879303,
      1.791280935605367,
      1.7275419274965922,
      1.6639230291048686,
      1.6262325421969095,
      1.5566738708813985,
      1.523051319917043,
      1.4844834605852764,
      1.4443709540367127,
      1.4020082354545593,
      1.3651521944999694,
      1.3155282513300577,
      1.2681295625368754,
      1.2249781505266826,
      1.1750757344563802,
      1.1370674463113148,
      1.0891803391774495,
      1.0314018293221792,
      0.9849556430180868,
      0.9365801564852396,
      0.8676667968432109
    ],
    "train_acc": [
      10.052083333333334,
      10.770833333333334,
      12.588541666666666,
      14.942708333333334,
      21.348958333333332,
      26.177083333333332,
      29.307291666666668,
      32.833333333333336,
      35.932291666666664,
      38.286458333333336,
      40.270833333333336,
      42.291666666666664,
      44.473958333333336,
      45.583333333333336,
      47.322916666666664,
      48.588541666666664,
      50.0625,
      51.395833333333336,
      53.166666666666664,
      54.9375,
      56.40625,
      58.333333333333336,
      59.723958333333336,
      61.494791666666664,
      63.739583333333336,
      65.38541666666667,
      66.828125,
      69.609375
    ],
    "test_loss": [
      2.3027673673629763,
      2.3017510191599526,
      2.297037798563639,
      2.1742990318934123,
      2.028136735757192,
      2.162590602238973,
      1.9226884619394937,
      1.7851797207196554,
      1.7349789190292357,
      1.7842376597722371,
      1.6640104564030964,
      1.6747486432393393,
      1.632474777698517,
      1.7143138710657755,
      1.6391686367988587,
      1.5279882502555848,
      1.4317844915390014,
      1.393079730272293,
      1.379068548679352,
      1.3436377048492432,
      1.3466002527872722,
      1.2790156857172648,
      1.2474912281831105,
      1.2248260414600372,
      1.2205427956581116,
      1.226002006928126,
      1.238700296084086,
      1.226702292362849
    ],
    "test_acc": [
      9.983333333333333,
      10.066666666666666,
      14.166666666666666,
      21.133333333333333,
      28.0,
      24.383333333333333,
      30.95,
      36.45,
      39.31666666666667,
      37.516666666666666,
      40.95,
      41.083333333333336,
      41.8,
      39.61666666666667,
      42.43333333333333,
      46.0,
      49.68333333333333,
      51.083333333333336,
      51.266666666666666,
      52.233333333333334,
      52.583333333333336,
      54.8,
      55.916666666666664,
      57.18333333333333,
      56.916666666666664,
      57.416666666666664,
      57.3,
      57.9
    ]
  }
}