{
  "config": {
    "run_name": "exp1_2",
    "out_dir": "./results",
    "seed": 1799416203,
    "device": null,
    "bs_train": 128,
    "bs_test": 40,
    "batches": 150,
    "epochs": 50,
    "early_stopping": 3,
    "checkpoints": null,
    "lr": 0.05,
    "reg": 0.001,
    "filters_per_layer": [
      64
    ],
    "layers_per_block": 4,
    "pool_every": 2,
    "hidden_dims": [
      100,
      100,
      100
    ],
    "model_type": "cnn",
    "kw": {}
  },
  "results": {
    "num_epochs": 0,
    "train_loss": [
      2.3029768451054893,
      2.3025830189387,
      2.3024561707178752,
      2.302280866305033,
      2.301917053858439,
      2.3008102925618488,
      2.2960353310902915,
      2.223355943361918,
      2.0694951820373535,
      1.9950189304351806,
      1.946633553504944,
      1.9079001681009928,
      1.8740322701136272,
      1.832188555399577,
      1.7795009287198384,
      1.7300987354914348,
      1.69514119942983,
      1.6506396802266439,
      1.6080648692448933,
      1.5748540012041727,
      1.5352055891354879,
      1.5019428737958271,
      1.4653661712010702,
      1.4301676233609517,
      1.402064975897471,
      1.3684009504318237,
      1.3304998215039572,
      1.3099744423230488,
      1.2620653410752614,
      1.2269394326210021,
      1.2008773732185363
    ],
    "train_acc": [
      9.979166666666666,
      10.088541666666666,
      10.307291666666666,
      10.307291666666666,
      10.3125,
      10.598958333333334,
      12.411458333333334,
      18.057291666666668,
      23.578125,
      26.947916666666668,
      29.057291666666668,
      30.442708333333332,
      32.026041666666664,
      34.359375,
      36.28125,
      38.041666666666664,
      39.505208333333336,
      40.6875,
      42.322916666666664,
      43.354166666666664,
      44.442708333333336,
      45.536458333333336,
      47.052083333333336,
      48.463541666666664,
      49.598958333333336,
      50.614583333333336,
      52.203125,
      53.020833333333336,
      54.661458333333336,
      56.171875,
      56.802083333333336
    ],
    "test_loss": [
      2.302667333285014,
      2.3026480134328207,
      2.3025606457392374,
      2.302336908976237,
      2.3017592366536457,
      2.2998393869400022,
      2.287986954053243,
      2.122663588523865,
      2.0027938954035442,
      1.9579429984092713,
      1.9539587672551473,
      1.9112415568033854,
      1.9301240746180217,
      1.7613539036115011,
      1.7050608928998312,
      1.6673293288548787,
      1.6592611400286357,
      1.643924528757731,
      1.556528894106547,
      1.548226720492045,
      1.524866336186727,
      1.483251343568166,
      1.4800535662968954,
      1.500417065223058,
      1.5637837521235147,
      1.435643097559611,
      1.3981916705767314,
      1.3814360849062601,
      1.4107609399159748,
      1.4089782802263895,
      1.4037169369061788
    ],
    "test_acc": [
      10.016666666666667,
      9.816666666666666,
      9.816666666666666,
      9.816666666666666,
      9.816666666666666,
      10.383333333333333,
      17.4,
      22.433333333333334,
      26.233333333333334,
      27.316666666666666,
      28.466666666666665,
      30.25,
      32.31666666666667,
      37.016666666666666,
      38.81666666666667,
      40.36666666666667,
      42.166666666666664,
      42.1,
      44.53333333333333,
      45.35,
      45.266666666666666,
      47.5,
      46.766666666666666,
      47.21666666666667,
      44.333333333333336,
      48.766666666666666,
      49.93333333333333,
      50.65,
      49.666666666666664,
      49.8,
      50.016666666666666
    ]
  }
}