{
  "config": {
    "run_name": "exp1_4",
    "out_dir": "./results",
    "seed": 1630744339,
    "device": null,
    "bs_train": 128,
    "bs_test": 40,
    "batches": 150,
    "epochs": 50,
    "early_stopping": 3,
    "checkpoints": null,
    "lr": 0.05,
    "reg": 0.001,
    "filters_per_layer": [
      64,
      128,
      256
    ],
    "layers_per_block": 4,
    "pool_every": 3,
    "hidden_dims": [
      100,
      100,
      100
    ],
    "model_type": "resnet",
    "kw": {}
  },
  "results": {
    "num_epochs": 0,
    "train_loss": [
      2.3033670393625894,
      2.3026025597254436,
      2.302412697474162,
      2.3022659905751546,
      2.302091512680054,
      2.301836894353231,
      2.301473369598389,
      2.3008245420455933,
      2.2995454184214275,
      2.2963206307093302,
      2.282626207669576,
      2.2133091115951538,
      2.1237724447250366,
      2.059202139377594,
      2.016089713573456,
      1.9680467732747395,
      1.9252824441591898,
      1.88844748655955,
      1.852484564781189,
      1.8165756114323934,
      1.7785899790128072,
      1.7394190502166749,
      1.6936170506477355,
      1.6452919427553814,
      1.5980189196268717,
      1.548485992749532,
      1.5056397318840027,
      1.4599655357996624,
      1.418972589969635,
      1.3810119636853535,
      1.3427795449892679,
      1.2995607177416484,
      1.264010619719823,
      1.239022592306137,
      1.1842979955673218,
      1.140594787200292,
      1.1028031067053476,
      1.0638948833942414,
      1.0212016888459523,
      0.9791578610738119,
      0.9327707874774933,
      0.8778676712512969
    ],
    "train_acc": [
      10.213541666666666,
      10.125,
      10.5,
      11.6875,
      11.645833333333334,
      12.338541666666666,
      13.182291666666666,
      14.401041666666666,
      15.505208333333334,
      16.125,
      16.828125,
      16.380208333333332,
      19.442708333333332,
      23.213541666666668,
      24.828125,
      26.859375,
      28.239583333333332,
      29.703125,
      31.25,
      32.557291666666664,
      34.119791666666664,
      36.010416666666664,
      38.104166666666664,
      39.671875,
      41.473958333333336,
      43.5,
      45.208333333333336,
      46.651041666666664,
      48.192708333333336,
      49.53125,
      50.96875,
      52.645833333333336,
      54.1875,
      55.510416666666664,
      57.291666666666664,
      58.765625,
      60.177083333333336,
      62.067708333333336,
      63.770833333333336,
      65.09375,
      67.09375,
      68.93229166666667
    ],
    "test_loss": [
      2.3028518549601236,
      2.3026196177800498,
      2.302514082590739,
      2.3023686933517458,
      2.302179045677185,
      2.3018866952260337,
      2.301448043187459,
      2.300605225563049,
      2.298773317337036,
      2.2935182650883994,
      2.2606556049982705,
      2.2333885924021404,
      2.0545960585276286,
      2.0113761107126873,
      1.985339278380076,
      1.922674414316813,
      1.8572389197349548,
      1.8222797298431397,
      1.7880511903762817,
      1.7473534353574116,
      1.7086032875378927,
      1.6686361400286356,
      1.6277056097984315,
      1.5798568495114644,
      1.5401530559857686,
      1.5188290087382,
      1.4989183688163756,
      1.470317727724711,
      1.417742981115977,
      1.413011486530304,
      1.388717254002889,
      1.3741882809003194,
      1.3548788253466288,
      1.3212771681944528,
      1.3127687374750774,
      1.3322951718171439,
      1.2943629582722982,
      1.3057376499970754,
      1.2929613224665324,
      1.4360691885153452,
      1.2991038556893666,
      1.4218138746420543
    ],
    "test_acc": [
      9.866666666666667,
      9.866666666666667,
      9.866666666666667,
      14.4,
      15.3,
      15.483333333333333,
      15.683333333333334,
      15.75,
      16.016666666666666,
      16.516666666666666,
      16.6,
      15.65,
      24.3,
      25.483333333333334,
      27.85,
      29.95,
      32.166666666666664,
      33.333333333333336,
      34.31666666666667,
      34.733333333333334,
      36.81666666666667,
      38.766666666666666,
      41.11666666666667,
      42.2,
      44.05,
      45.06666666666667,
      46.11666666666667,
      47.583333333333336,
      49.36666666666667,
      49.61666666666667,
      50.666666666666664,
      50.78333333333333,
      52.1,
      52.95,
      53.016666666666666,
      53.46666666666667,
      54.45,
      55.0,
      55.8,
      51.53333333333333,
      55.4,
      51.86666666666667
    ]
  }
}