{
  "config": {
    "run_name": "exp1_2",
    "out_dir": "./results",
    "seed": 741813355,
    "device": null,
    "bs_train": 128,
    "bs_test": 40,
    "batches": 150,
    "epochs": 50,
    "early_stopping": 3,
    "checkpoints": null,
    "lr": 0.05,
    "reg": 0.001,
    "filters_per_layer": [
      256
    ],
    "layers_per_block": 2,
    "pool_every": 2,
    "hidden_dims": [
      100,
      100,
      100
    ],
    "model_type": "cnn",
    "kw": {}
  },
  "results": {
    "num_epochs": 0,
    "train_loss": [
      2.2737683391571046,
      2.1002878761291504,
      1.9321686188379923,
      1.7969863565762838,
      1.6842289749781292,
      1.5848464393615722,
      1.4915478515625,
      1.3988079158465068,
      1.3068151227633158,
      1.2217021612326304,
      1.1393215266863506,
      1.0578486665089926,
      0.9762007478872935,
      0.8949985134601594,
      0.815817228158315,
      0.7578287225961685,
      0.646332439382871
    ],
    "train_acc": [
      13.364583333333334,
      22.526041666666668,
      30.822916666666668,
      36.09375,
      39.671875,
      43.348958333333336,
      46.661458333333336,
      50.21875,
      53.526041666666664,
      56.802083333333336,
      59.692708333333336,
      62.505208333333336,
      65.25,
      68.47916666666667,
      71.38020833333333,
      73.72395833333333,
      77.35416666666667
    ],
    "test_loss": [
      2.2260343170166017,
      1.9804988114039104,
      1.8058024326960245,
      1.6837547047932944,
      1.5875559202829996,
      1.4833763519922891,
      1.4187259181340535,
      1.365701249440511,
      1.3073627138137818,
      1.2444793212413787,
      1.1883376022179921,
      1.1826697667439778,
      1.1542995953559876,
      1.133259863058726,
      1.1412518139680226,
      1.1715539725621542,
      1.1992236518859862
    ],
    "test_acc": [
      17.5,
      29.483333333333334,
      35.38333333333333,
      40.5,
      43.53333333333333,
      46.55,
      49.38333333333333,
      50.916666666666664,
      53.45,
      55.56666666666667,
      57.88333333333333,
      58.38333333333333,
      59.63333333333333,
      60.53333333333333,
      61.35,
      61.43333333333333,
      61.93333333333333
    ]
  }
}