{
  "config": {
    "run_name": "exp1_1",
    "out_dir": "./results",
    "seed": 1367061391,
    "device": null,
    "bs_train": 128,
    "bs_test": 40,
    "batches": 150,
    "epochs": 50,
    "early_stopping": 3,
    "checkpoints": null,
    "lr": 0.05,
    "reg": 0.001,
    "filters_per_layer": [
      32
    ],
    "layers_per_block": 2,
    "pool_every": 4,
    "hidden_dims": [
      100,
      100,
      100
    ],
    "model_type": "cnn",
    "kw": {}
  },
  "results": {
    "num_epochs": 0,
    "train_loss": [
      2.290977568626404,
      2.1228626068433125,
      1.929939518769582,
      1.8080957992871602,
      1.7313881929715473,
      1.6685976282755535,
      1.6053914872805277,
      1.5513668076197307,
      1.5007744725545247,
      1.4537224507331847,
      1.407894843419393,
      1.3608245579401652,
      1.3125730760892231,
      1.2622320787111918,
      1.2247500479221345,
      1.1768482120831807,
      1.132515432437261,
      1.083623741865158,
      1.0284064416090648,
      0.9844717824459076,
      0.9339472492535908,
      0.888712569475174,
      0.8216646190484365,
      0.7767691349983216,
      0.7148126198848088
    ],
    "train_acc": [
      14.296875,
      22.848958333333332,
      31.276041666666668,
      35.515625,
      38.421875,
      40.552083333333336,
      42.848958333333336,
      44.604166666666664,
      46.4375,
      48.265625,
      49.875,
      51.427083333333336,
      53.3125,
      54.989583333333336,
      56.359375,
      58.098958333333336,
      59.885416666666664,
      61.453125,
      63.526041666666664,
      65.03125,
      66.59375,
      68.89583333333333,
      70.86979166666667,
      72.82291666666667,
      75.1875
    ],
    "test_loss": [
      2.2332193279266357,
      2.021825641791026,
      1.8623214308420817,
      1.779007158279419,
      1.814683313369751,
      1.7746460398038229,
      1.6578566964467367,
      1.6488686513900757,
      1.6407835173606873,
      1.618865176041921,
      1.5362869564692179,
      1.498880043029785,
      1.5812421480814616,
      1.4401393302281698,
      1.5841481788953145,
      1.557258247534434,
      1.4262869290510813,
      1.4251924741268158,
      1.4082589006423951,
      1.5305900835990907,
      1.4132392994562786,
      1.3781540695826213,
      1.6306480511029562,
      1.487812683582306,
      1.590751656293869
    ],
    "test_acc": [
      19.033333333333335,
      29.716666666666665,
      34.13333333333333,
      37.45,
      36.06666666666667,
      38.13333333333333,
      41.56666666666667,
      42.28333333333333,
      42.766666666666666,
      43.56666666666667,
      45.95,
      47.21666666666667,
      44.96666666666667,
      48.983333333333334,
      46.016666666666666,
      46.88333333333333,
      50.5,
      50.95,
      52.016666666666666,
      49.416666666666664,
      52.93333333333333,
      53.31666666666667,
      49.233333333333334,
      50.233333333333334,
      52.516666666666666
    ]
  }
}