{
  "config": {
    "run_name": "exp1_2",
    "out_dir": "./results",
    "seed": 2098096203,
    "device": null,
    "bs_train": 128,
    "bs_test": 40,
    "batches": 150,
    "epochs": 50,
    "early_stopping": 3,
    "checkpoints": null,
    "lr": 0.05,
    "reg": 0.001,
    "filters_per_layer": [
      32
    ],
    "layers_per_block": 4,
    "pool_every": 2,
    "hidden_dims": [
      100,
      100,
      100
    ],
    "model_type": "cnn",
    "kw": {}
  },
  "results": {
    "num_epochs": 0,
    "train_loss": [
      2.3031960900624595,
      2.3026720905303955,
      2.302589840888977,
      2.3025424973169963,
      2.302467935880025,
      2.302299715677897,
      2.3019674523671467,
      2.301069801648458,
      2.2954978466033937,
      2.2275817600886025,
      2.1360534183184305,
      2.039473164876302,
      1.9633098514874776,
      1.9069434825579326
    ],
    "train_acc": [
      10.286458333333334,
      10.208333333333334,
      10.177083333333334,
      10.161458333333334,
      10.380208333333334,
      10.65625,
      11.151041666666666,
      11.96875,
      14.786458333333334,
      17.182291666666668,
      20.6875,
      25.90625,
      28.546875,
      30.552083333333332
    ],
    "test_loss": [
      2.3028112411499024,
      2.302727289199829,
      2.3027027082443237,
      2.3026504119237265,
      2.302547737757365,
      2.302315093676249,
      2.3018320989608765,
      2.2999720112482707,
      2.2867041349411013,
      2.190987917582194,
      2.1861233735084533,
      2.2212900296847025,
      2.232084732055664,
      2.345419704914093
    ],
    "test_acc": [
      10.033333333333333,
      10.033333333333333,
      10.033333333333333,
      10.033333333333333,
      10.083333333333334,
      10.95,
      11.633333333333333,
      11.55,
      13.816666666666666,
      18.983333333333334,
      21.0,
      22.683333333333334,
      24.616666666666667,
      25.466666666666665
    ]
  }
}