{
  "config": {
    "run_name": "exp1_2",
    "out_dir": "./results",
    "seed": 294254850,
    "device": null,
    "bs_train": 128,
    "bs_test": 40,
    "batches": 150,
    "epochs": 50,
    "early_stopping": 3,
    "checkpoints": null,
    "lr": 0.05,
    "reg": 0.001,
    "filters_per_layer": [
      128
    ],
    "layers_per_block": 8,
    "pool_every": 2,
    "hidden_dims": [
      100,
      100,
      100
    ],
    "model_type": "cnn",
    "kw": {}
  },
  "results": {
    "num_epochs": 0,
    "train_loss": [
      2.3031758419672648,
      2.3027488374710083,
      2.302701357205709,
      2.3026981925964356,
      2.302698696454366
    ],
    "train_acc": [
      9.817708333333334,
      9.802083333333334,
      9.630208333333334,
      9.838541666666666,
      10.166666666666666
    ],
    "test_loss": [
      2.302625880241394,
      2.3025880670547485,
      2.3026088921229046,
      2.302621610959371,
      2.30262691338857
    ],
    "test_acc": [
      9.75,
      10.266666666666667,
      10.266666666666667,
      10.183333333333334,
      10.183333333333334
    ]
  }
}