{
  "config": {
    "run_name": "exp1_1",
    "out_dir": "./results",
    "seed": 1625375757,
    "device": null,
    "bs_train": 128,
    "bs_test": 40,
    "batches": 150,
    "epochs": 50,
    "early_stopping": 3,
    "checkpoints": null,
    "lr": 0.05,
    "reg": 0.001,
    "filters_per_layer": [
      32
    ],
    "layers_per_block": 8,
    "pool_every": 2,
    "hidden_dims": [
      100,
      100,
      100
    ],
    "model_type": "cnn",
    "kw": {}
  },
  "results": {
    "num_epochs": 0,
    "train_loss": [
      2.303781819343567,
      2.3027723852793374,
      2.302647967338562,
      2.302635825475057
    ],
    "train_acc": [
      9.364583333333334,
      9.901041666666666,
      9.984375,
      10.0
    ],
    "test_loss": [
      2.302586121559143,
      2.3026818227767945,
      2.30279257774353,
      2.3028438234329225
    ],
    "test_acc": [
      9.983333333333333,
      9.8,
      9.8,
      9.8
    ]
  }
}