{
  "config": {
    "run_name": "exp1_1",
    "out_dir": "./results",
    "seed": 63113031,
    "device": null,
    "bs_train": 128,
    "bs_test": 40,
    "batches": 150,
    "epochs": 50,
    "early_stopping": 3,
    "checkpoints": null,
    "lr": 0.05,
    "reg": 0.001,
    "filters_per_layer": [
      64
    ],
    "layers_per_block": 8,
    "pool_every": 2,
    "hidden_dims": [
      100,
      100,
      100
    ],
    "model_type": "cnn",
    "kw": {}
  },
  "results": {
    "num_epochs": 0,
    "train_loss": [
      2.302896752357483,
      2.302668801943461,
      2.3026641321182253,
      2.302670413653056
    ],
    "train_acc": [
      10.098958333333334,
      10.130208333333334,
      10.03125,
      9.942708333333334
    ],
    "test_loss": [
      2.302686653137207,
      2.3027338695526125,
      2.302769865989685,
      2.3027841885884603
    ],
    "test_acc": [
      10.283333333333333,
      9.9,
      9.9,
      9.9
    ]
  }
}