{
  "config": {
    "run_name": "exp1_2",
    "out_dir": "./results",
    "seed": 1066191596,
    "device": null,
    "bs_train": 128,
    "bs_test": 40,
    "batches": 150,
    "epochs": 50,
    "early_stopping": 3,
    "checkpoints": null,
    "lr": 0.05,
    "reg": 0.001,
    "filters_per_layer": [
      128
    ],
    "layers_per_block": 4,
    "pool_every": 2,
    "hidden_dims": [
      100,
      100,
      100
    ],
    "model_type": "cnn",
    "kw": {}
  },
  "results": {
    "num_epochs": 0,
    "train_loss": [
      2.302905886967977,
      2.3025782680511475,
      2.302455933888753,
      2.302297382354736,
      2.301937739054362,
      2.3008936182657878,
      2.2953946431477865,
      2.2075692876180013,
      2.068028159936269,
      1.9760951511065166,
      1.9114592321713766,
      1.8397059353192646,
      1.7779424293835957,
      1.7245933683713277,
      1.671555424531301,
      1.6297694579760234,
      1.5944146990776062,
      1.5521732886632285,
      1.5080677580833435,
      1.4722545862197876,
      1.4329259220759074,
      1.3993778475125631,
      1.3708973360061645,
      1.322582207918167,
      1.3022105844815572,
      1.2568116362889608,
      1.2159348257382712,
      1.1727354474862417,
      1.133669971227646,
      1.0826714527606964,
      1.0451253592967986,
      1.0050597794850666
    ],
    "train_acc": [
      10.234375,
      10.234375,
      10.1875,
      10.651041666666666,
      10.963541666666666,
      11.942708333333334,
      15.067708333333334,
      17.671875,
      24.614583333333332,
      28.09375,
      31.135416666666668,
      34.34375,
      36.645833333333336,
      38.755208333333336,
      40.588541666666664,
      41.71875,
      43.036458333333336,
      44.734375,
      45.791666666666664,
      47.333333333333336,
      48.6875,
      50.03125,
      51.010416666666664,
      52.875,
      53.651041666666664,
      55.25,
      56.536458333333336,
      58.270833333333336,
      59.947916666666664,
      61.708333333333336,
      62.640625,
      64.34895833333333
    ],
    "test_loss": [
      2.3025799385706582,
      2.3025101884206136,
      2.302409413655599,
      2.3021723715464275,
      2.301640431086222,
      2.2996934779485065,
      2.2846436595916746,
      2.143575185139974,
      1.9850862312316895,
      1.9366469462712605,
      1.9054874086380005,
      1.8380748915672303,
      1.7296417435010274,
      1.7056172156333924,
      1.6408643205960591,
      1.5997526741027832,
      1.569251959323883,
      1.5571660129229228,
      1.506184176603953,
      1.4935946194330851,
      1.4938811711470286,
      1.4500915924708049,
      1.4257823836803436,
      1.40706929286321,
      1.3748695421218873,
      1.3505833411216737,
      1.3496944542725882,
      1.3334965244928996,
      1.3038794052600862,
      1.3462568656603495,
      1.3795488973458607,
      1.3200050354003907
    ],
    "test_acc": [
      10.133333333333333,
      10.133333333333333,
      10.133333333333333,
      10.3,
      12.616666666666667,
      13.933333333333334,
      17.083333333333332,
      25.383333333333333,
      29.416666666666668,
      31.633333333333333,
      34.4,
      36.95,
      39.6,
      40.85,
      42.43333333333333,
      43.5,
      44.31666666666667,
      45.583333333333336,
      46.68333333333333,
      48.03333333333333,
      47.21666666666667,
      48.45,
      49.43333333333333,
      50.45,
      51.38333333333333,
      51.88333333333333,
      53.2,
      52.8,
      54.2,
      52.68333333333333,
      51.71666666666667,
      54.13333333333333
    ]
  }
}