{
  "config": {
    "run_name": "exp1_1",
    "out_dir": "./results",
    "seed": 1665029062,
    "device": null,
    "bs_train": 128,
    "bs_test": 40,
    "batches": 150,
    "epochs": 50,
    "early_stopping": 3,
    "checkpoints": null,
    "lr": 0.05,
    "reg": 0.001,
    "filters_per_layer": [
      32
    ],
    "layers_per_block": 4,
    "pool_every": 4,
    "hidden_dims": [
      100,
      100,
      100
    ],
    "model_type": "cnn",
    "kw": {}
  },
  "results": {
    "num_epochs": 0,
    "train_loss": [
      2.304042159716288,
      2.3026902135213216,
      2.302179210980733,
      2.300623741149902,
      2.291048221588135,
      2.1769764908154805,
      2.0554044397672016,
      1.9488858302434287,
      1.8913425707817078,
      1.8509316809972127,
      1.8092567698160806,
      1.765472674369812,
      1.7060769128799438,
      1.6403336397806803,
      1.603063611984253,
      1.5643886097272237,
      1.5454247109095256,
      1.515931820869446,
      1.479642158349355,
      1.4643165644009908,
      1.4289092262585958,
      1.3993375643094381,
      1.3700844963391623,
      1.3368722303708394
    ],
    "train_acc": [
      9.927083333333334,
      10.010416666666666,
      11.338541666666666,
      13.822916666666666,
      15.78125,
      20.0,
      25.114583333333332,
      28.3125,
      30.953125,
      33.072916666666664,
      35.489583333333336,
      37.171875,
      39.208333333333336,
      42.015625,
      43.302083333333336,
      44.651041666666664,
      45.447916666666664,
      46.078125,
      47.270833333333336,
      48.09375,
      48.786458333333336,
      50.510416666666664,
      51.380208333333336,
      52.708333333333336
    ],
    "test_loss": [
      2.302804018656413,
      2.302249584197998,
      2.3015105136235556,
      2.2984726079305013,
      2.2709840043385823,
      2.0245563753445945,
      2.064928489526113,
      1.9129535587628683,
      1.8732159399986268,
      1.8257752950986226,
      1.8417685333887737,
      1.995787850220998,
      1.6892370184262593,
      1.6691440693537394,
      1.6279258235295613,
      1.6445306507746378,
      1.7366701515515646,
      1.5500124581654866,
      1.707813643614451,
      1.6303131214777629,
      1.5039358886082967,
      1.5104591862360637,
      1.5822792911529542,
      1.6969591546058655
    ],
    "test_acc": [
      9.883333333333333,
      9.716666666666667,
      12.283333333333333,
      13.133333333333333,
      16.95,
      25.433333333333334,
      24.483333333333334,
      29.75,
      32.13333333333333,
      34.18333333333333,
      32.75,
      31.566666666666666,
      39.61666666666667,
      40.583333333333336,
      42.45,
      42.266666666666666,
      40.016666666666666,
      45.68333333333333,
      40.95,
      43.05,
      47.1,
      47.016666666666666,
      45.666666666666664,
      43.1
    ]
  }
}