{
  "config": {
    "run_name": "exp1_3",
    "out_dir": "./results",
    "seed": 2023725323,
    "device": null,
    "bs_train": 128,
    "bs_test": 40,
    "batches": 150,
    "epochs": 50,
    "early_stopping": 3,
    "checkpoints": null,
    "lr": 0.05,
    "reg": 0.001,
    "filters_per_layer": [
      64,
      128,
      256
    ],
    "layers_per_block": 1,
    "pool_every": 2,
    "hidden_dims": [
      100,
      100,
      100
    ],
    "model_type": "cnn",
    "kw": {}
  },
  "results": {
    "num_epochs": 0,
    "train_loss": [
      2.3015283298492433,
      2.254342139561971,
      2.078211552302043,
      1.9382496420542399,
      1.8246588897705078,
      1.7416005762418112,
      1.6767321952184042,
      1.6085602378845214,
      1.5507855097452798,
      1.4972303907076518,
      1.4409568961461385,
      1.3835700964927673,
      1.3236189119021098,
      1.2596797998746236,
      1.2040659578641255,
      1.1359177247683208,
      1.0696294796466828,
      1.0080660053094228,
      0.9291432003180186,
      0.8375829807917277
    ],
    "train_acc": [
      11.375,
      18.088541666666668,
      24.1875,
      30.239583333333332,
      34.822916666666664,
      37.78125,
      40.265625,
      42.401041666666664,
      44.479166666666664,
      46.53125,
      48.317708333333336,
      49.776041666666664,
      52.182291666666664,
      54.447916666666664,
      56.885416666666664,
      59.291666666666664,
      61.895833333333336,
      64.18229166666667,
      67.27083333333333,
      70.5
    ],
    "test_loss": [
      2.296638437906901,
      2.135733062426249,
      2.0033740178743997,
      1.8812556997934977,
      1.7369158450762432,
      1.671918929417928,
      1.6080673162142436,
      1.565516152381897,
      1.5043146951993307,
      1.46006241162618,
      1.433379550774892,
      1.390780226389567,
      1.3584993064403534,
      1.3292040248711905,
      1.3227881137530009,
      1.2951447872320812,
      1.2744949901103972,
      1.2906644427776337,
      1.2999210850397747,
      1.3119626359144847
    ],
    "test_acc": [
      15.166666666666666,
      21.6,
      27.016666666666666,
      33.03333333333333,
      36.93333333333333,
      40.15,
      42.2,
      43.916666666666664,
      46.3,
      47.766666666666666,
      49.18333333333333,
      49.583333333333336,
      50.833333333333336,
      52.016666666666666,
      52.06666666666667,
      53.36666666666667,
      54.4,
      53.93333333333333,
      54.4,
      55.65
    ]
  }
}