{
  "config": {
    "run_name": "exp1_4",
    "out_dir": "./results",
    "seed": 1818047136,
    "device": null,
    "bs_train": 128,
    "bs_test": 40,
    "batches": 150,
    "epochs": 50,
    "early_stopping": 3,
    "checkpoints": null,
    "lr": 0.05,
    "reg": 0.001,
    "filters_per_layer": [
      64,
      128,
      256
    ],
    "layers_per_block": 2,
    "pool_every": 2,
    "hidden_dims": [
      100,
      100,
      100
    ],
    "model_type": "resnet",
    "kw": {}
  },
  "results": {
    "num_epochs": 0,
    "train_loss": [
      2.3029973951975506,
      2.3018670097986855,
      2.301239569981893,
      2.3000346279144286,
      2.295955187479655,
      2.253414651552836,
      2.1103325231870014,
      2.0356274398167926,
      1.981291774113973,
      1.9462873466809592,
      1.907159956296285,
      1.8390184656778972,
      1.7585778069496154,
      1.693003106911977,
      1.635955282052358,
      1.5800195558865866,
      1.5331191515922546,
      1.483075901667277,
      1.4387877734502157
    ],
    "train_acc": [
      10.041666666666666,
      10.432291666666666,
      10.427083333333334,
      10.640625,
      11.776041666666666,
      14.171875,
      21.838541666666668,
      24.890625,
      27.0,
      28.536458333333332,
      30.020833333333332,
      32.723958333333336,
      35.677083333333336,
      38.359375,
      40.520833333333336,
      42.390625,
      43.864583333333336,
      45.369791666666664,
      47.510416666666664
    ],
    "test_loss": [
      2.3022214539845787,
      2.301944292386373,
      2.3012952518463137,
      2.299318380355835,
      2.2906211376190186,
      2.343735534350077,
      2.3269364245732627,
      2.062039779027303,
      1.9088122447331746,
      1.9289337952931722,
      1.8525904941558837,
      1.8174033745129903,
      1.6951974789301554,
      1.6309444292386372,
      1.5541797685623169,
      1.544149067401886,
      1.5452526076634725,
      1.6624748420715332,
      1.5600652734438578
    ],
    "test_acc": [
      10.016666666666667,
      10.016666666666667,
      10.016666666666667,
      10.516666666666667,
      11.866666666666667,
      13.216666666666667,
      18.983333333333334,
      24.6,
      29.55,
      28.7,
      31.5,
      33.38333333333333,
      37.5,
      39.916666666666664,
      42.083333333333336,
      43.45,
      43.85,
      40.46666666666667,
      43.53333333333333
    ]
  }
}