{
  "config": {
    "run_name": "exp1_2",
    "out_dir": "./results",
    "seed": 551552340,
    "device": null,
    "bs_train": 128,
    "bs_test": 40,
    "batches": 150,
    "epochs": 50,
    "early_stopping": 3,
    "checkpoints": null,
    "lr": 0.05,
    "reg": 0.001,
    "filters_per_layer": [
      128
    ],
    "layers_per_block": 8,
    "pool_every": 4,
    "hidden_dims": [
      100,
      100,
      100
    ],
    "model_type": "cnn",
    "kw": {}
  },
  "results": {
    "num_epochs": 0,
    "train_loss": [
      2.3040115706125897,
      2.3028630113601682,
      2.3027132590611776,
      2.3026941219965615,
      2.3026901626586915
    ],
    "train_acc": [
      9.963541666666666,
      9.947916666666666,
      9.708333333333334,
      10.130208333333334,
      10.114583333333334
    ],
    "test_loss": [
      2.302507793108622,
      2.3024482186635336,
      2.302509554227193,
      2.3025430409113565,
      2.302556610107422
    ],
    "test_acc": [
      10.4,
      10.4,
      10.15,
      10.15,
      10.15
    ]
  }
}