{
  "config": {
    "run_name": "exp1_2",
    "out_dir": "./results",
    "seed": 1472079478,
    "device": null,
    "bs_train": 128,
    "bs_test": 40,
    "batches": 150,
    "epochs": 50,
    "early_stopping": 3,
    "checkpoints": null,
    "lr": 0.005,
    "reg": 0.001,
    "filters_per_layer": [
      64
    ],
    "layers_per_block": 8,
    "pool_every": 4,
    "hidden_dims": [
      100,
      100,
      100
    ],
    "model_type": "cnn",
    "kw": {}
  },
  "results": {
    "num_epochs": 0,
    "train_loss": [
      2.3052849753697715,
      2.304753572146098,
      2.3043257188796997,
      2.303980828921,
      2.303702901204427,
      2.3034792804718016,
      2.303300280570984,
      2.3031560659408568,
      2.3030387449264524,
      2.302943369547526,
      2.302865784962972,
      2.302802693049113,
      2.3027513535817463,
      2.302709511121114,
      2.302675484021505,
      2.30264777024587,
      2.3026250425974526,
      2.3026066573460895,
      2.3025917259852093,
      2.302579526901245,
      2.3025695848464967,
      2.3025615469614666,
      2.3025549443562827
    ],
    "train_acc": [
      9.776041666666666,
      10.041666666666666,
      10.041666666666666,
      10.041666666666666,
      10.041666666666666,
      10.041666666666666,
      10.041666666666666,
      10.041666666666666,
      10.041666666666666,
      10.041666666666666,
      10.041666666666666,
      10.041666666666666,
      10.041666666666666,
      10.041666666666666,
      10.041666666666666,
      10.041666666666666,
      10.041666666666666,
      10.041666666666666,
      10.041666666666666,
      10.041666666666666,
      10.041666666666666,
      10.052083333333334,
      10.255208333333334
    ],
    "test_loss": [
      2.304430003166199,
      2.3040205907821654,
      2.303696878751119,
      2.303441236813863,
      2.303240593274434,
      2.3030838267008464,
      2.3029625384012857,
      2.30286728700002,
      2.3027928177515666,
      2.302735069592794,
      2.3026905155181883,
      2.302656455039978,
      2.3026307837168374,
      2.3026116116841635,
      2.3025977102915447,
      2.3025876649220787,
      2.3025808922449746,
      2.302576626141866,
      2.3025742038091024,
      2.3025731658935547,
      2.3025731960932414,
      2.302574048042297,
      2.302575386365255
    ],
    "test_acc": [
      10.066666666666666,
      10.066666666666666,
      10.066666666666666,
      10.066666666666666,
      10.066666666666666,
      10.066666666666666,
      10.066666666666666,
      10.066666666666666,
      10.066666666666666,
      10.066666666666666,
      10.066666666666666,
      10.066666666666666,
      10.066666666666666,
      10.066666666666666,
      10.066666666666666,
      10.066666666666666,
      10.066666666666666,
      10.066666666666666,
      10.066666666666666,
      10.066666666666666,
      10.066666666666666,
      10.016666666666667,
      10.016666666666667
    ]
  }
}