{
  "config": {
    "run_name": "exp1_3",
    "out_dir": "./results",
    "seed": 2053396128,
    "device": null,
    "bs_train": 128,
    "bs_test": 40,
    "batches": 150,
    "epochs": 50,
    "early_stopping": 3,
    "checkpoints": null,
    "lr": 0.05,
    "reg": 0.001,
    "filters_per_layer": [
      64,
      128,
      256
    ],
    "layers_per_block": 2,
    "pool_every": 2,
    "hidden_dims": [
      100,
      100,
      100
    ],
    "model_type": "cnn",
    "kw": {}
  },
  "results": {
    "num_epochs": 0,
    "train_loss": [
      2.303287305831909,
      2.30275549252828,
      2.3026892058054607,
      2.302674921353658,
      2.3026675033569335,
      2.3026605892181395,
      2.3026540358861287,
      2.3026464398701987,
      2.302636659940084,
      2.3026263999938963,
      2.3026142644882204,
      2.302599663734436,
      2.3025806824366253,
      2.3025553448994955,
      2.3025250736872356,
      2.3024850130081176,
      2.3024295870463054,
      2.302348966598511,
      2.3022227462132774,
      2.3019799598058066,
      2.301462976137797,
      2.30000607808431,
      2.2939450947443643,
      2.2289825820922853,
      2.1136260787645975,
      2.0645117568969726,
      2.0240765031178793,
      1.9904347387949626,
      1.9564089075724285,
      1.918164516290029,
      1.876078072388967,
      1.8394598094622294,
      1.8000246850649515,
      1.7631585828463237,
      1.7309248264630634,
      1.6957945370674132,
      1.6702908396720886,
      1.6161008389790852,
      1.5745616062482197,
      1.5213985180854797,
      1.4773491779963175,
      1.4395959003766379,
      1.3903009192148845,
      1.3418834964434305,
      1.301306552886963,
      1.2547562050819396,
      1.2127753015359242,
      1.1641970972220104,
      1.113659408489863,
      1.0508713122208913
    ],
    "train_acc": [
      9.953125,
      10.171875,
      10.119791666666666,
      9.958333333333334,
      9.958333333333334,
      9.973958333333334,
      9.994791666666666,
      10.015625,
      10.052083333333334,
      10.026041666666666,
      10.036458333333334,
      10.0625,
      10.078125,
      10.135416666666666,
      10.166666666666666,
      10.203125,
      10.255208333333334,
      10.34375,
      10.473958333333334,
      10.708333333333334,
      11.286458333333334,
      13.265625,
      14.390625,
      16.432291666666668,
      22.208333333333332,
      24.182291666666668,
      25.5625,
      26.942708333333332,
      28.015625,
      29.213541666666668,
      30.692708333333332,
      32.458333333333336,
      33.890625,
      35.651041666666664,
      37.182291666666664,
      38.796875,
      39.916666666666664,
      41.473958333333336,
      43.140625,
      45.046875,
      46.958333333333336,
      48.322916666666664,
      50.208333333333336,
      52.0625,
      53.651041666666664,
      55.369791666666664,
      56.75,
      58.635416666666664,
      60.442708333333336,
      62.822916666666664
    ],
    "test_loss": [
      2.303135986328125,
      2.3029328266779583,
      2.3028957064946494,
      2.302884200414022,
      2.302877310117086,
      2.302870801289876,
      2.302864279747009,
      2.302855798403422,
      2.302845064798991,
      2.302833086649577,
      2.302819585800171,
      2.3028032271067302,
      2.302779965400696,
      2.3027527491251627,
      2.3027177317937215,
      2.302670424779256,
      2.302604324022929,
      2.3025041421254477,
      2.302337821324666,
      2.3019804461797078,
      2.30120357354482,
      2.2986638720830284,
      2.284880805015564,
      2.12544794400533,
      2.04774409532547,
      1.995196172396342,
      1.9567412575085958,
      1.9230638639132183,
      1.8895432710647584,
      1.8532816831270853,
      1.828334736029307,
      1.7787100632985433,
      1.742294840812683,
      1.716359060605367,
      1.7074465147654216,
      1.675485601425171,
      1.6842253192265828,
      1.6092711226145426,
      1.6967834226290386,
      1.5529469299316405,
      1.4801342868804932,
      1.445660662651062,
      1.4383292996883392,
      1.4207065963745118,
      1.3993914182980856,
      1.3944643751780192,
      1.3938935856024424,
      1.3977317996819814,
      1.388757876555125,
      1.5944604921340941
    ],
    "test_acc": [
      9.966666666666667,
      9.966666666666667,
      9.966666666666667,
      9.966666666666667,
      9.966666666666667,
      9.966666666666667,
      9.966666666666667,
      9.966666666666667,
      9.966666666666667,
      9.966666666666667,
      9.966666666666667,
      9.966666666666667,
      9.966666666666667,
      9.966666666666667,
      9.966666666666667,
      9.966666666666667,
      9.966666666666667,
      9.966666666666667,
      9.966666666666667,
      9.966666666666667,
      10.966666666666667,
      14.116666666666667,
      16.466666666666665,
      23.65,
      25.883333333333333,
      28.216666666666665,
      29.566666666666666,
      29.916666666666668,
      31.583333333333332,
      32.35,
      33.2,
      34.93333333333333,
      36.38333333333333,
      37.6,
      38.31666666666667,
      39.6,
      40.083333333333336,
      42.55,
      40.13333333333333,
      44.266666666666666,
      46.8,
      48.03333333333333,
      49.13333333333333,
      50.233333333333334,
      50.983333333333334,
      51.15,
      51.31666666666667,
      51.4,
      52.43333333333333,
      48.21666666666667
    ]
  }
}