{
  "config": {
    "run_name": "exp1_2",
    "out_dir": "./results",
    "seed": 1641657597,
    "device": null,
    "bs_train": 128,
    "bs_test": 40,
    "batches": 150,
    "epochs": 50,
    "early_stopping": 3,
    "checkpoints": null,
    "lr": 0.05,
    "reg": 0.001,
    "filters_per_layer": [
      32
    ],
    "layers_per_block": 2,
    "pool_every": 2,
    "hidden_dims": [
      100,
      100,
      100
    ],
    "model_type": "cnn",
    "kw": {}
  },
  "results": {
    "num_epochs": 0,
    "train_loss": [
      2.3020492887496946,
      2.2802612495422365,
      2.1355198335647585,
      2.001566499869029,
      1.903581075668335,
      1.8297760764757791,
      1.7640772771835327,
      1.7041812459627788,
      1.6368805201848349,
      1.5794119183222453,
      1.5222181622187296,
      1.4647957881291707,
      1.4088709712028504,
      1.358077858289083,
      1.3054124919573467,
      1.2564836064974467,
      1.1985508505503337,
      1.1401703035831452,
      1.0864403800169626,
      1.0277269450823465,
      0.96679070353508,
      0.9118987858295441,
      0.8424831370512644
    ],
    "train_acc": [
      10.026041666666666,
      13.8125,
      21.0,
      27.166666666666668,
      31.338541666666668,
      34.427083333333336,
      36.921875,
      39.208333333333336,
      41.296875,
      43.401041666666664,
      45.635416666666664,
      47.40625,
      49.411458333333336,
      51.197916666666664,
      53.317708333333336,
      54.911458333333336,
      57.208333333333336,
      59.427083333333336,
      61.182291666666664,
      63.473958333333336,
      65.875,
      68.02083333333333,
      70.24479166666667
    ],
    "test_loss": [
      2.299499060312907,
      2.2213763936360675,
      2.325423545837402,
      1.9459941895802815,
      1.8281356024742126,
      1.7451945861180624,
      1.6802789529164632,
      1.6410071357091267,
      1.6375338172912597,
      1.5593332052230835,
      1.5328469626108805,
      1.460987594127655,
      1.4100071787834167,
      1.3700931255022686,
      1.3366359361012776,
      1.2922769598166148,
      1.2769948355356853,
      1.2503133896986645,
      1.2654656457901001,
      1.2313797426223756,
      1.2769676224390665,
      1.3102317917346955,
      1.2782827218373616
    ],
    "test_acc": [
      9.833333333333334,
      19.416666666666668,
      14.7,
      29.283333333333335,
      33.733333333333334,
      37.7,
      39.4,
      40.71666666666667,
      40.56666666666667,
      43.06666666666667,
      44.166666666666664,
      46.96666666666667,
      48.78333333333333,
      50.583333333333336,
      52.03333333333333,
      53.78333333333333,
      54.71666666666667,
      55.65,
      55.5,
      56.55,
      55.81666666666667,
      55.95,
      57.46666666666667
    ]
  }
}