{
  "config": {
    "run_name": "exp1_1",
    "out_dir": "./results",
    "seed": 1429975411,
    "device": null,
    "bs_train": 128,
    "bs_test": 40,
    "batches": 150,
    "epochs": 50,
    "early_stopping": 3,
    "checkpoints": null,
    "lr": 0.05,
    "reg": 0.001,
    "filters_per_layer": [
      64
    ],
    "layers_per_block": 4,
    "pool_every": 4,
    "hidden_dims": [
      100,
      100,
      100
    ],
    "model_type": "cnn",
    "kw": {}
  },
  "results": {
    "num_epochs": 0,
    "train_loss": [
      2.3031215778986613,
      2.30202663898468,
      2.2988382085164387,
      2.2338425016403196,
      2.081391455332438,
      1.9687060157457987,
      1.8572505331039428,
      1.7886780341466268,
      1.713293922742208,
      1.6627722477912903
    ],
    "train_acc": [
      9.90625,
      10.229166666666666,
      13.96875,
      16.75,
      24.21875,
      29.723958333333332,
      33.567708333333336,
      36.28125,
      38.609375,
      40.708333333333336
    ],
    "test_loss": [
      2.3023763211568196,
      2.301168181101481,
      2.2940593481063845,
      2.194557667573293,
      2.1363890099525453,
      1.973661985397339,
      1.7840916697184246,
      1.9956976850827535,
      2.1669219827651975,
      1.9681464982032777
    ],
    "test_acc": [
      10.033333333333333,
      11.566666666666666,
      16.083333333333332,
      19.533333333333335,
      21.816666666666666,
      27.233333333333334,
      35.9,
      30.116666666666667,
      26.666666666666668,
      31.816666666666666
    ]
  }
}