{
  "config": {
    "run_name": "exp1_1",
    "out_dir": "./results",
    "seed": 1892684869,
    "device": null,
    "bs_train": 128,
    "bs_test": 40,
    "batches": 150,
    "epochs": 50,
    "early_stopping": 3,
    "checkpoints": null,
    "lr": 0.05,
    "reg": 0.001,
    "filters_per_layer": [
      32
    ],
    "layers_per_block": 2,
    "pool_every": 2,
    "hidden_dims": [
      100,
      100,
      100
    ],
    "model_type": "cnn",
    "kw": {}
  },
  "results": {
    "num_epochs": 0,
    "train_loss": [
      2.301578996976217,
      2.2832158772150675,
      2.155887610912323,
      2.0141297221183776,
      1.9085688217480978,
      1.827567024230957,
      1.7564222677548726,
      1.6937971822420756,
      1.6366002957026164,
      1.5901694838205973,
      1.5319284725189208,
      1.4870909388860067,
      1.430960878531138,
      1.3823926615715028,
      1.3333842404683431,
      1.2895957016944886,
      1.2399809853235881,
      1.1906104648113252,
      1.1438210010528564,
      1.0919464341799419,
      1.0488120766480764,
      0.9892552463213603
    ],
    "train_acc": [
      11.40625,
      16.020833333333332,
      20.213541666666668,
      26.682291666666668,
      31.416666666666668,
      34.614583333333336,
      37.291666666666664,
      39.546875,
      41.526041666666664,
      43.276041666666664,
      45.515625,
      47.510416666666664,
      49.427083333333336,
      50.96875,
      52.760416666666664,
      54.276041666666664,
      56.052083333333336,
      57.78125,
      59.421875,
      61.385416666666664,
      62.947916666666664,
      65.00520833333333
    ],
    "test_loss": [
      2.298677182197571,
      2.2273422304789223,
      2.0210498555501304,
      1.8964941175778707,
      1.7994047045707702,
      1.7259147548675537,
      1.6667486651738486,
      1.6349027101198832,
      1.596578941345215,
      1.5752719004948934,
      1.533536528746287,
      1.511181390285492,
      1.5017405951023102,
      1.5200125439961751,
      1.496966267824173,
      1.4779240481058757,
      1.4521737639109293,
      1.4515716795126596,
      1.4367285319169363,
      1.46407408396403,
      1.4383737782637278,
      1.4745731377601623
    ],
    "test_acc": [
      14.283333333333333,
      16.833333333333332,
      26.55,
      31.45,
      35.0,
      38.416666666666664,
      40.333333333333336,
      40.95,
      42.4,
      43.2,
      44.65,
      45.5,
      46.333333333333336,
      45.916666666666664,
      46.61666666666667,
      47.2,
      49.38333333333333,
      49.583333333333336,
      49.833333333333336,
      49.95,
      50.86666666666667,
      50.31666666666667
    ]
  }
}