{
  "config": {
    "run_name": "exp1_2",
    "out_dir": "./results",
    "seed": 1566143811,
    "device": null,
    "bs_train": 128,
    "bs_test": 40,
    "batches": 150,
    "epochs": 50,
    "early_stopping": 3,
    "checkpoints": null,
    "lr": 0.05,
    "reg": 0.001,
    "filters_per_layer": [
      64
    ],
    "layers_per_block": 2,
    "pool_every": 2,
    "hidden_dims": [
      100,
      100,
      100
    ],
    "model_type": "cnn",
    "kw": {}
  },
  "results": {
    "num_epochs": 0,
    "train_loss": [
      2.295628391901652,
      2.17330819050471,
      2.0080467510223388,
      1.8870329928398133,
      1.792460720539093,
      1.721451273759206,
      1.6537591814994812,
      1.583405353228251,
      1.5191548387209575,
      1.4562146536509195,
      1.3989272491137186,
      1.333925383090973,
      1.2704213444391887,
      1.2060818354288736,
      1.140672794977824,
      1.0738106787204742,
      1.0041205803553264,
      0.9335987071196238,
      0.863623442252477
    ],
    "train_acc": [
      13.911458333333334,
      20.401041666666668,
      27.015625,
      32.291666666666664,
      35.791666666666664,
      38.067708333333336,
      40.385416666666664,
      42.989583333333336,
      45.166666666666664,
      47.463541666666664,
      49.588541666666664,
      51.770833333333336,
      53.729166666666664,
      56.223958333333336,
      58.729166666666664,
      61.421875,
      64.00520833333333,
      67.02604166666667,
      69.58854166666667
    ],
    "test_loss": [
      2.2722869364420575,
      2.074560755888621,
      2.067205670674642,
      1.8928345799446107,
      1.7304440410931905,
      1.6533485611279806,
      1.5681283044815064,
      1.4862251734733583,
      1.467862258752187,
      1.394560980796814,
      1.3532157405217489,
      1.3220104968547821,
      1.2794679884115856,
      1.2416101026535034,
      1.22002259294192,
      1.2036906627813975,
      1.2618982164065042,
      1.2582661938667297,
      1.2364339303970338
    ],
    "test_acc": [
      20.783333333333335,
      24.033333333333335,
      26.783333333333335,
      33.083333333333336,
      38.8,
      41.03333333333333,
      43.6,
      46.43333333333333,
      47.03333333333333,
      50.0,
      51.9,
      52.7,
      54.083333333333336,
      55.6,
      56.55,
      57.38333333333333,
      55.85,
      57.11666666666667,
      58.15
    ]
  }
}