{
  "config": {
    "run_name": "exp1_4",
    "out_dir": "./results",
    "seed": 1673402092,
    "device": null,
    "bs_train": 128,
    "bs_test": 40,
    "batches": 150,
    "epochs": 50,
    "early_stopping": 3,
    "checkpoints": null,
    "lr": 0.05,
    "reg": 0.001,
    "filters_per_layer": [
      32
    ],
    "layers_per_block": 16,
    "pool_every": 4,
    "hidden_dims": [
      100,
      100,
      100
    ],
    "model_type": "resnet",
    "kw": {}
  },
  "results": {
    "num_epochs": 0,
    "train_loss": [
      2.3030951770146686,
      2.3013960695266724,
      2.3004099845886232,
      2.2991256809234617,
      2.2970399109522504,
      2.2929794724782306,
      2.2814872439702354,
      2.223023953437805,
      2.150243434906006,
      2.0973878407478335,
      2.0496203915278115,
      2.0124377171198526,
      1.9837336540222168,
      1.9562315249443054,
      1.925607148806254,
      1.8681164304415385,
      1.8282334319750468,
      1.779639884630839,
      1.7312621132532755,
      1.6852377406756083,
      1.6489704791704813,
      1.609377196629842,
      1.5720080590248109,
      1.5328463411331177,
      1.49612433274587,
      1.4601719625790914,
      1.4249452431996663,
      1.393509399096171,
      1.3670734882354736,
      1.3373321056365968,
      1.3078872124354044,
      1.268477660814921,
      1.2439411576588948,
      1.2086970408757527,
      1.1825199111302693,
      1.1590664788087208,
      1.126546062628428,
      1.1000919449329376,
      1.080729897816976,
      1.054998113711675,
      1.0301153369744618,
      1.000906153122584
    ],
    "train_acc": [
      10.046875,
      11.020833333333334,
      10.5625,
      10.614583333333334,
      11.489583333333334,
      13.020833333333334,
      15.229166666666666,
      17.432291666666668,
      18.604166666666668,
      20.640625,
      22.828125,
      24.875,
      26.09375,
      27.307291666666668,
      29.28125,
      30.677083333333332,
      32.177083333333336,
      33.807291666666664,
      35.65625,
      37.46875,
      38.848958333333336,
      40.15625,
      41.557291666666664,
      43.098958333333336,
      44.5625,
      45.96875,
      47.34375,
      48.510416666666664,
      49.322916666666664,
      50.536458333333336,
      51.677083333333336,
      53.348958333333336,
      54.078125,
      55.708333333333336,
      56.854166666666664,
      57.682291666666664,
      59.041666666666664,
      59.953125,
      60.765625,
      61.734375,
      62.890625,
      63.942708333333336
    ],
    "test_loss": [
      2.3022609758377075,
      2.3013680839538573,
      2.3003371953964233,
      2.2987520503997803,
      2.295945494969686,
      2.2897557338078816,
      2.2661034456888833,
      2.1817666562398275,
      2.0704937609036764,
      2.0084840003649393,
      1.9870443296432496,
      1.949317122300466,
      1.9857289560635885,
      1.8954283499717712,
      1.8428543782234192,
      1.807839213212331,
      1.7723246494928995,
      1.7235154032707214,
      1.673106508255005,
      1.6237948346138,
      1.5945261081059774,
      1.5753352888425192,
      1.5480741922060648,
      1.523671222527822,
      1.499523274898529,
      1.4751249241828919,
      1.4348572778701782,
      1.4289815735816955,
      1.3882420126597086,
      1.3635894815127054,
      1.3325946342945099,
      1.3067424933115641,
      1.2772808452447255,
      1.3907345247268676,
      1.2463792713483175,
      1.2272999946276346,
      1.28799729069074,
      1.2023593199253082,
      1.186502833366394,
      1.1903973952929179,
      1.196350129445394,
      1.2934786252180734
    ],
    "test_acc": [
      9.883333333333333,
      9.666666666666666,
      9.666666666666666,
      9.666666666666666,
      9.733333333333333,
      10.766666666666667,
      17.95,
      16.233333333333334,
      21.8,
      23.2,
      24.816666666666666,
      26.716666666666665,
      26.266666666666666,
      29.916666666666668,
      32.46666666666667,
      33.61666666666667,
      34.35,
      36.03333333333333,
      37.483333333333334,
      39.15,
      40.28333333333333,
      40.36666666666667,
      41.31666666666667,
      43.06666666666667,
      44.166666666666664,
      45.21666666666667,
      46.85,
      47.63333333333333,
      49.43333333333333,
      50.06666666666667,
      51.916666666666664,
      53.03333333333333,
      54.0,
      50.43333333333333,
      55.11666666666667,
      55.833333333333336,
      55.13333333333333,
      57.083333333333336,
      57.71666666666667,
      57.483333333333334,
      57.6,
      54.13333333333333
    ]
  }
}