{
  "config": {
    "run_name": "exp1_2",
    "out_dir": "./results",
    "seed": 1203243104,
    "device": null,
    "bs_train": 128,
    "bs_test": 40,
    "batches": 150,
    "epochs": 50,
    "early_stopping": 3,
    "checkpoints": null,
    "lr": 0.05,
    "reg": 0.001,
    "filters_per_layer": [
      64
    ],
    "layers_per_block": 8,
    "pool_every": 4,
    "hidden_dims": [
      100,
      100,
      100
    ],
    "model_type": "cnn",
    "kw": {}
  },
  "results": {
    "num_epochs": 0,
    "train_loss": [
      2.3032208395004274,
      2.3027345259984333,
      2.302681632041931,
      2.302676000595093,
      2.302676642735799
    ],
    "train_acc": [
      9.84375,
      10.145833333333334,
      10.234375,
      10.328125,
      10.286458333333334
    ],
    "test_loss": [
      2.3027400732040406,
      2.3026772673924762,
      2.302685588200887,
      2.302690776189168,
      2.302693173090617
    ],
    "test_acc": [
      9.933333333333334,
      9.95,
      9.95,
      9.95,
      9.95
    ]
  }
}