{
  "config": {
    "run_name": "exp1_2",
    "out_dir": "./results",
    "seed": 199333499,
    "device": null,
    "bs_train": 128,
    "bs_test": 40,
    "batches": 150,
    "epochs": 50,
    "early_stopping": 3,
    "checkpoints": null,
    "lr": 0.05,
    "reg": 0.001,
    "filters_per_layer": [
      256
    ],
    "layers_per_block": 8,
    "pool_every": 4,
    "hidden_dims": [
      100,
      100,
      100
    ],
    "model_type": "cnn",
    "kw": {}
  },
  "results": {
    "num_epochs": 0,
    "train_loss": [
      2.303018790880839,
      2.3027378527323403,
      2.3027130540211997,
      2.3027132034301756
    ],
    "train_acc": [
      9.760416666666666,
      9.96875,
      10.307291666666666,
      10.348958333333334
    ],
    "test_loss": [
      2.3025459321339925,
      2.3026293563842772,
      2.3026787646611533,
      2.3026978222529095
    ],
    "test_acc": [
      10.25,
      9.8,
      9.8,
      9.8
    ]
  }
}