{
  "config": {
    "run_name": "exp1_1",
    "out_dir": "./results",
    "seed": 782546675,
    "device": null,
    "bs_train": 128,
    "bs_test": 40,
    "batches": 150,
    "epochs": 50,
    "early_stopping": 3,
    "checkpoints": null,
    "lr": 0.05,
    "reg": 0.001,
    "filters_per_layer": [
      64
    ],
    "layers_per_block": 16,
    "pool_every": 4,
    "hidden_dims": [
      100,
      100,
      100
    ],
    "model_type": "cnn",
    "kw": {}
  },
  "results": {
    "num_epochs": 0,
    "train_loss": [
      2.3031340249379477,
      2.302636982599894,
      2.302580811182658,
      2.302574577331543,
      2.3025747696558634,
      2.302574904759725
    ],
    "train_acc": [
      9.453125,
      10.203125,
      10.083333333333334,
      10.130208333333334,
      10.161458333333334,
      10.203125
    ],
    "test_loss": [
      2.3027007484436037,
      2.302593021392822,
      2.302588446935018,
      2.3025899283091227,
      2.302591454188029,
      2.3025930595397948
    ],
    "test_acc": [
      9.816666666666666,
      9.633333333333333,
      10.616666666666667,
      10.616666666666667,
      10.616666666666667,
      10.616666666666667
    ]
  }
}