{
  "config": {
    "run_name": "exp1_1",
    "out_dir": "./results",
    "seed": 807944264,
    "device": null,
    "bs_train": 128,
    "bs_test": 40,
    "batches": 150,
    "epochs": 50,
    "early_stopping": 3,
    "checkpoints": null,
    "lr": 0.05,
    "reg": 0.001,
    "filters_per_layer": [
      32
    ],
    "layers_per_block": 16,
    "pool_every": 4,
    "hidden_dims": [
      100,
      100,
      100
    ],
    "model_type": "cnn",
    "kw": {}
  },
  "results": {
    "num_epochs": 0,
    "train_loss": [
      2.3029159355163573,
      2.3026716470718385,
      2.3026445547739667,
      2.3026419496536255,
      2.3026418050130206,
      2.3026417366663616,
      2.302641685803731
    ],
    "train_acc": [
      10.208333333333334,
      10.270833333333334,
      10.1875,
      10.213541666666666,
      10.119791666666666,
      10.145833333333334,
      10.145833333333334
    ],
    "test_loss": [
      2.302693769137065,
      2.302617856661479,
      2.3026096550623576,
      2.3026092418034874,
      2.3026094007492066,
      2.302610133488973,
      2.302609658241272
    ],
    "test_acc": [
      9.916666666666666,
      9.916666666666666,
      9.916666666666666,
      9.916666666666666,
      9.916666666666666,
      9.916666666666666,
      9.916666666666666
    ]
  }
}