{
  "config": {
    "run_name": "exp1_4",
    "out_dir": "./results",
    "seed": 579250920,
    "device": null,
    "bs_train": 128,
    "bs_test": 40,
    "batches": 150,
    "epochs": 50,
    "early_stopping": 3,
    "checkpoints": null,
    "lr": 0.05,
    "reg": 0.001,
    "filters_per_layer": [
      64,
      128,
      256
    ],
    "layers_per_block": 8,
    "pool_every": 6,
    "hidden_dims": [
      100,
      100,
      100
    ],
    "model_type": "resnet",
    "kw": {}
  },
  "results": {
    "num_epochs": 0,
    "train_loss": [
      2.303540433247884,
      2.302497822443644,
      2.302244297663371,
      2.3020084206263225,
      2.3017219082514444,
      2.301335587501526,
      2.3007835388183593,
      2.299891832669576,
      2.298331988652547,
      2.2952617740631105,
      2.2874723068873086,
      2.2592049757639567,
      2.1799147160847983,
      2.1399809964497885,
      2.1155628124872843,
      2.093759884039561,
      2.0721131634712218,
      2.046164940992991,
      2.01527419090271,
      1.9807322597503663,
      1.95663241704305,
      1.936089407602946,
      1.915057373046875,
      1.8931973139444986,
      1.8662385352452595,
      1.8374327047665915,
      1.8076479228337605,
      1.775987319946289,
      1.7425264128049214,
      1.7064338580767313,
      1.6747921435038249,
      1.637317377726237,
      1.6060193355878194,
      1.569974161783854,
      1.539573816458384,
      1.511174677213033,
      1.4819552930196127,
      1.4547340440750123,
      1.430749872525533,
      1.4076411565144857,
      1.3846686800320944,
      1.3594041101137797,
      1.3390656010309856,
      1.3155651299158733,
      1.2883663535118104,
      1.2689786299069723,
      1.2451964032649994,
      1.2220986898740132,
      1.1977728553613027,
      1.1717292936642965
    ],
    "train_acc": [
      10.3125,
      10.546875,
      10.447916666666666,
      11.098958333333334,
      11.40625,
      11.828125,
      12.536458333333334,
      13.515625,
      14.666666666666666,
      15.661458333333334,
      16.645833333333332,
      16.932291666666668,
      16.958333333333332,
      17.96875,
      18.739583333333332,
      20.442708333333332,
      21.291666666666668,
      23.052083333333332,
      24.536458333333332,
      25.848958333333332,
      26.817708333333332,
      27.447916666666668,
      28.15625,
      28.916666666666668,
      29.817708333333332,
      30.713541666666668,
      31.75,
      33.026041666666664,
      34.328125,
      35.796875,
      37.296875,
      38.510416666666664,
      39.822916666666664,
      41.416666666666664,
      42.619791666666664,
      43.734375,
      45.005208333333336,
      45.963541666666664,
      46.75,
      47.4375,
      48.307291666666664,
      49.234375,
      50.1875,
      51.213541666666664,
      52.614583333333336,
      53.078125,
      53.880208333333336,
      54.854166666666664,
      56.177083333333336,
      57.296875
    ],
    "test_loss": [
      2.3025900157292685,
      2.302303345998128,
      2.3021065680185955,
      2.3018741448720297,
      2.301534139315287,
      2.3010819069544475,
      2.3003890148798622,
      2.299221051534017,
      2.297123243014018,
      2.292586886088053,
      2.2793343242009483,
      2.2241766039530435,
      2.1441870959599814,
      2.1083343998591104,
      2.1192262760798135,
      2.1069507670402525,
      2.0615486113230386,
      2.0069302113850913,
      1.9600849676132202,
      1.9213842503229777,
      1.8967553583780925,
      1.8753626465797424,
      1.8824092690149943,
      1.849997665087382,
      1.810665458838145,
      1.7805654724438986,
      1.734460368156433,
      1.6891915329297384,
      1.648067193031311,
      1.6282048598925272,
      1.610621219476064,
      1.57988845427831,
      1.5460081887245178,
      1.5276914755503337,
      1.513328013420105,
      1.5061060317357382,
      1.4748261737823487,
      1.4750535281499226,
      1.4752959283192952,
      1.4698233222961425,
      1.460724670092265,
      1.462525729338328,
      1.4470482126871744,
      1.3624662780761718,
      1.3466666583220164,
      1.3795972017447153,
      1.3357846303780874,
      1.3158423403898876,
      1.337736950715383,
      1.2687128122647604
    ],
    "test_acc": [
      9.983333333333333,
      9.983333333333333,
      9.833333333333334,
      9.833333333333334,
      9.833333333333334,
      11.25,
      13.033333333333333,
      14.266666666666667,
      15.333333333333334,
      15.6,
      17.016666666666666,
      16.95,
      17.433333333333334,
      18.166666666666668,
      18.216666666666665,
      18.533333333333335,
      19.866666666666667,
      22.766666666666666,
      25.466666666666665,
      28.066666666666666,
      29.216666666666665,
      29.7,
      29.3,
      30.75,
      31.933333333333334,
      32.6,
      34.61666666666667,
      36.81666666666667,
      37.9,
      39.03333333333333,
      39.166666666666664,
      40.8,
      42.233333333333334,
      43.05,
      43.766666666666666,
      44.21666666666667,
      45.46666666666667,
      45.21666666666667,
      45.583333333333336,
      45.6,
      46.266666666666666,
      46.36666666666667,
      47.06666666666667,
      49.9,
      50.666666666666664,
      49.86666666666667,
      51.483333333333334,
      52.78333333333333,
      52.13333333333333,
      54.36666666666667
    ]
  }
}