{
  "config": {
    "run_name": "exp1_1",
    "out_dir": "./results",
    "seed": 19366358,
    "device": null,
    "bs_train": 128,
    "bs_test": 40,
    "batches": 150,
    "epochs": 50,
    "early_stopping": 3,
    "checkpoints": null,
    "lr": 0.05,
    "reg": 0.001,
    "filters_per_layer": [
      64
    ],
    "layers_per_block": 2,
    "pool_every": 4,
    "hidden_dims": [
      100,
      100,
      100
    ],
    "model_type": "cnn",
    "kw": {}
  },
  "results": {
    "num_epochs": 0,
    "train_loss": [
      2.2464779790242515,
      2.0267055209477745,
      1.8747601215044658,
      1.7536720617612203,
      1.674808882077535,
      1.5943989086151122,
      1.5283734114964802,
      1.469145750204722,
      1.4079116169611614,
      1.3501893663406372,
      1.288317768573761,
      1.2279188247521717,
      1.1721376228332518,
      1.1101891275246938,
      1.0439416690667471,
      0.9858743476867676,
      0.9019473894437154
    ],
    "train_acc": [
      14.208333333333334,
      25.994791666666668,
      32.182291666666664,
      37.583333333333336,
      40.328125,
      42.901041666666664,
      45.140625,
      47.375,
      49.552083333333336,
      51.630208333333336,
      53.895833333333336,
      55.994791666666664,
      57.927083333333336,
      60.375,
      62.822916666666664,
      65.453125,
      68.609375
    ],
    "test_loss": [
      2.0669355527559916,
      1.9175264382362365,
      1.7986203368504843,
      1.647253879706065,
      1.615473595460256,
      1.5913924551010132,
      1.4958540447553,
      1.4215010579427083,
      1.3848560706774393,
      1.353167503674825,
      1.3299207965532938,
      1.2993979394435882,
      1.3173066838582357,
      1.2688479216893513,
      1.2953618137041727,
      1.3047872471809387,
      1.3533408653736114
    ],
    "test_acc": [
      23.283333333333335,
      29.866666666666667,
      35.28333333333333,
      41.65,
      42.06666666666667,
      42.95,
      46.68333333333333,
      49.3,
      50.916666666666664,
      51.766666666666666,
      52.666666666666664,
      54.06666666666667,
      53.583333333333336,
      55.21666666666667,
      54.6,
      55.016666666666666,
      54.733333333333334
    ]
  }
}