{
  "config": {
    "run_name": "exp1_4",
    "out_dir": "./results",
    "seed": 1750374350,
    "device": null,
    "bs_train": 128,
    "bs_test": 40,
    "batches": 150,
    "epochs": 50,
    "early_stopping": 3,
    "checkpoints": null,
    "lr": 0.05,
    "reg": 0.001,
    "filters_per_layer": [
      32
    ],
    "layers_per_block": 32,
    "pool_every": 8,
    "hidden_dims": [
      100,
      100,
      100
    ],
    "model_type": "resnet",
    "kw": {}
  },
  "results": {
    "num_epochs": 0,
    "train_loss": [
      2.3028945175806683,
      2.301183260281881,
      2.2998763608932493,
      2.2977579641342163,
      2.2941960112253823,
      2.2872162373860676,
      2.269007576306661,
      2.217279715538025,
      2.1705905135472614,
      2.152718178431193,
      2.135174101193746,
      2.118745438257853,
      2.1003349526723225,
      2.0757575647036233,
      2.0567065842946373,
      2.0279442755381267,
      1.9968164006868998,
      1.9658750669161478,
      1.9290231251716614,
      1.9005136919021606,
      1.8785889331499737,
      1.8583645701408387,
      1.8402439959843953,
      1.8233523384730022,
      1.8069025548299154,
      1.7911387880643208,
      1.774576992193858,
      1.756070769627889,
      1.740660483042399,
      1.7239785234133402,
      1.7071571771303813,
      1.691768528620402,
      1.6762636629740397,
      1.6632544271151224,
      1.6494940344492595,
      1.6384034204483031,
      1.626217307249705,
      1.6156353775660197,
      1.603736055692037,
      1.5914010357856752,
      1.5810361886024475,
      1.57118718624115,
      1.56103568871816,
      1.5496901273727417,
      1.5398552083969117,
      1.5297698481877644,
      1.521119660536448,
      1.5101961199442546,
      1.500676748752594,
      1.4912382992108664
    ],
    "train_acc": [
      9.822916666666666,
      10.546875,
      11.692708333333334,
      11.916666666666666,
      13.026041666666666,
      14.307291666666666,
      15.640625,
      16.526041666666668,
      16.9375,
      17.770833333333332,
      18.447916666666668,
      19.1875,
      20.03125,
      21.557291666666668,
      22.53125,
      23.375,
      24.661458333333332,
      25.859375,
      27.0625,
      28.223958333333332,
      28.744791666666668,
      29.489583333333332,
      30.140625,
      30.723958333333332,
      31.5,
      32.265625,
      33.171875,
      34.25,
      35.057291666666664,
      35.8125,
      36.25,
      36.932291666666664,
      37.739583333333336,
      38.1875,
      38.65625,
      39.026041666666664,
      39.583333333333336,
      40.177083333333336,
      40.869791666666664,
      41.276041666666664,
      41.729166666666664,
      42.015625,
      42.177083333333336,
      42.53125,
      43.015625,
      43.296875,
      43.875,
      44.401041666666664,
      44.885416666666664,
      44.984375
    ],
    "test_loss": [
      2.302239497502645,
      2.3011364110310875,
      2.2995884656906127,
      2.2970120493570962,
      2.2924159304300944,
      2.2822663418451943,
      2.251622969309489,
      2.1786351839701337,
      2.1362507263819377,
      2.109261988798777,
      2.086218049526215,
      2.0653825426101684,
      2.046960739294688,
      2.0221773902575175,
      1.992869119644165,
      1.9615210048357645,
      1.9274350841840109,
      1.89303644657135,
      1.8601234126091004,
      1.8423536364237467,
      1.8253075313568115,
      1.806855432987213,
      1.791789010365804,
      1.775990707874298,
      1.7592560394605001,
      1.7415892998377482,
      1.7260011609395345,
      1.7138314644495647,
      1.6964747111002605,
      1.694916558265686,
      1.6753271651268005,
      1.6609175753593446,
      1.6488219658533732,
      1.6375678531328837,
      1.624168484210968,
      1.6066012382507324,
      1.5945466113090516,
      1.5821624183654786,
      1.5755912613868714,
      1.573247324625651,
      1.5659024469057718,
      1.559691795508067,
      1.5546319158871968,
      1.5493915176391602,
      1.543525907198588,
      1.5428089420000712,
      1.5439739648501078,
      1.527142026424408,
      1.573314282099406,
      1.563853394985199
    ],
    "test_acc": [
      9.633333333333333,
      10.066666666666666,
      10.066666666666666,
      10.316666666666666,
      11.3,
      13.166666666666666,
      15.316666666666666,
      16.4,
      18.366666666666667,
      19.216666666666665,
      19.95,
      20.316666666666666,
      20.866666666666667,
      22.533333333333335,
      24.65,
      25.9,
      26.95,
      28.55,
      29.616666666666667,
      30.116666666666667,
      30.866666666666667,
      31.45,
      32.2,
      32.8,
      33.416666666666664,
      34.3,
      35.016666666666666,
      36.03333333333333,
      36.43333333333333,
      36.916666666666664,
      37.38333333333333,
      37.85,
      38.4,
      39.0,
      39.583333333333336,
      39.86666666666667,
      40.75,
      41.333333333333336,
      41.65,
      41.81666666666667,
      42.1,
      42.65,
      42.93333333333333,
      43.15,
      43.583333333333336,
      43.233333333333334,
      43.75,
      44.05,
      42.96666666666667,
      44.03333333333333
    ]
  }
}