{
  "config": {
    "run_name": "exp1_2",
    "out_dir": "./results",
    "seed": 1280695438,
    "device": null,
    "bs_train": 128,
    "bs_test": 40,
    "batches": 150,
    "epochs": 50,
    "early_stopping": 3,
    "checkpoints": null,
    "lr": 0.05,
    "reg": 0.001,
    "filters_per_layer": [
      32
    ],
    "layers_per_block": 8,
    "pool_every": 4,
    "hidden_dims": [
      100,
      100,
      100
    ],
    "model_type": "cnn",
    "kw": {}
  },
  "results": {
    "num_epochs": 0,
    "train_loss": [
      2.3038663419087726,
      2.3028440952301024,
      2.3027444171905516,
      2.3027361313501995,
      2.3027362283070882,
      2.3027365096410115,
      2.3027366256713866,
      2.3027365159988404,
      2.3027363777160645,
      2.3027362330754597,
      2.3027360407511392,
      2.3027359358469646,
      2.3027357403437296,
      2.302735622723897,
      2.3027353938420614,
      2.3027352460225425,
      2.3027350997924803,
      2.302734961509705,
      2.3027348375320433,
      2.302734700838725
    ],
    "train_acc": [
      10.010416666666666,
      9.723958333333334,
      9.583333333333334,
      9.807291666666666,
      9.916666666666666,
      9.916666666666666,
      9.916666666666666,
      9.916666666666666,
      9.916666666666666,
      9.921875,
      9.921875,
      9.921875,
      9.921875,
      9.916666666666666,
      9.947916666666666,
      9.953125,
      9.953125,
      9.953125,
      9.953125,
      9.953125
    ],
    "test_loss": [
      2.3030751832326253,
      2.3027091693878172,
      2.3026506090164185,
      2.3026388994852702,
      2.302636183102926,
      2.302635459899902,
      2.3026353184382122,
      2.3026352485020953,
      2.302635242144267,
      2.302635213534037,
      2.302635261217753,
      2.3026351928710938,
      2.3026351944605508,
      2.3026351817448933,
      2.3026352087656656,
      2.3026352151234946,
      2.3026351722081504,
      2.302635183334351,
      2.3026351801554363,
      2.3026351753870644
    ],
    "test_acc": [
      9.933333333333334,
      9.933333333333334,
      9.983333333333333,
      9.983333333333333,
      9.983333333333333,
      9.983333333333333,
      9.983333333333333,
      9.983333333333333,
      9.983333333333333,
      9.983333333333333,
      9.983333333333333,
      9.983333333333333,
      9.983333333333333,
      9.983333333333333,
      9.983333333333333,
      9.983333333333333,
      9.983333333333333,
      9.983333333333333,
      9.983333333333333,
      9.983333333333333
    ]
  }
}