{
  "config": {
    "run_name": "exp1_1",
    "out_dir": "./results",
    "seed": 1084742159,
    "device": null,
    "bs_train": 128,
    "bs_test": 40,
    "batches": 150,
    "epochs": 50,
    "early_stopping": 3,
    "checkpoints": null,
    "lr": 0.05,
    "reg": 0.001,
    "filters_per_layer": [
      64
    ],
    "layers_per_block": 4,
    "pool_every": 2,
    "hidden_dims": [
      100,
      100,
      100
    ],
    "model_type": "cnn",
    "kw": {}
  },
  "results": {
    "num_epochs": 0,
    "train_loss": [
      2.3034340381622314,
      2.302580590248108,
      2.3023133261998496,
      2.302011880874634,
      2.3014054981867473,
      2.2995513486862182,
      2.2837528959910074,
      2.175154660542806,
      2.0836468521753946,
      1.9982126967112224,
      1.9400798575083416,
      1.8935354733467102,
      1.847134534517924,
      1.7902775065104166,
      1.745975586573283,
      1.7013177625338236,
      1.659487186272939,
      1.617402625878652,
      1.5847841024398803,
      1.5471657705307007,
      1.5126562380790711,
      1.4800986282030741,
      1.4427489137649536,
      1.4012680570284526,
      1.3624104539553323,
      1.3355423021316528,
      1.2951047841707866,
      1.2510336542129517,
      1.2233409825960795,
      1.1877465466658275,
      1.1409175062179566,
      1.10808890581131,
      1.0653907736142476,
      1.026853370666504
    ],
    "train_acc": [
      10.140625,
      10.140625,
      9.911458333333334,
      10.583333333333334,
      11.036458333333334,
      11.828125,
      13.119791666666666,
      20.265625,
      24.682291666666668,
      27.161458333333332,
      29.114583333333332,
      31.0,
      33.473958333333336,
      35.671875,
      37.541666666666664,
      39.489583333333336,
      40.8125,
      42.255208333333336,
      43.348958333333336,
      44.661458333333336,
      45.770833333333336,
      47.166666666666664,
      48.494791666666664,
      49.973958333333336,
      51.239583333333336,
      52.291666666666664,
      53.817708333333336,
      55.145833333333336,
      56.114583333333336,
      57.65625,
      59.333333333333336,
      60.229166666666664,
      61.880208333333336,
      63.385416666666664
    ],
    "test_loss": [
      2.302900317509969,
      2.302575235366821,
      2.302340016365051,
      2.301934714317322,
      2.3009753672281903,
      2.297221827507019,
      2.229858315785726,
      2.089659433364868,
      2.0488605531056723,
      1.90287189801534,
      1.8499197777112324,
      1.7989145739873251,
      1.7834442734718323,
      1.7177700797716777,
      1.6817388216654459,
      1.6663732091585794,
      1.626490872701009,
      1.616062088807424,
      1.559274287223816,
      1.5357147765159607,
      1.5123735435803731,
      1.4824654817581178,
      1.4613481879234314,
      1.4359558924039204,
      1.4353186337153117,
      1.3984879199663798,
      1.4194547748565673,
      1.3912461694081624,
      1.354510628382365,
      1.3825019574165345,
      1.339546056985855,
      1.3880101962884268,
      1.3587822453180949,
      1.4256060540676116
    ],
    "test_acc": [
      9.933333333333334,
      9.933333333333334,
      10.216666666666667,
      10.666666666666666,
      14.55,
      13.466666666666667,
      17.75,
      23.8,
      26.633333333333333,
      30.283333333333335,
      32.43333333333333,
      34.583333333333336,
      35.46666666666667,
      37.833333333333336,
      39.68333333333333,
      40.016666666666666,
      41.666666666666664,
      42.11666666666667,
      44.983333333333334,
      45.5,
      46.43333333333333,
      47.38333333333333,
      47.766666666666666,
      48.9,
      49.2,
      50.166666666666664,
      50.1,
      50.666666666666664,
      52.35,
      51.0,
      52.75,
      52.18333333333333,
      52.95,
      51.63333333333333
    ]
  }
}