{
  "config": {
    "run_name": "exp1_1",
    "out_dir": "./results",
    "seed": 1308382268,
    "device": null,
    "bs_train": 128,
    "bs_test": 40,
    "batches": 150,
    "epochs": 50,
    "early_stopping": 3,
    "checkpoints": null,
    "lr": 0.05,
    "reg": 0.001,
    "filters_per_layer": [
      32
    ],
    "layers_per_block": 8,
    "pool_every": 2,
    "hidden_dims": [
      100,
      100,
      100
    ],
    "model_type": "cnn",
    "kw": {}
  },
  "results": {
    "num_epochs": 0,
    "train_loss": [
      2.3029151821136473,
      2.3026523462931316,
      2.3026375929514566,
      2.302640062967936
    ],
    "train_acc": [
      10.015625,
      10.302083333333334,
      10.348958333333334,
      10.21875
    ],
    "test_loss": [
      2.3027970377604166,
      2.302821153004964,
      2.302839380900065,
      2.302844994862874
    ],
    "test_acc": [
      9.883333333333333,
      9.633333333333333,
      9.633333333333333,
      9.633333333333333
    ]
  }
}