{
  "config": {
    "run_name": "exp1_3",
    "out_dir": "./results",
    "seed": 1888062945,
    "device": null,
    "bs_train": 128,
    "bs_test": 40,
    "batches": 150,
    "epochs": 50,
    "early_stopping": 3,
    "checkpoints": null,
    "lr": 0.05,
    "reg": 0.001,
    "filters_per_layer": [
      64,
      128,
      256
    ],
    "layers_per_block": 4,
    "pool_every": 3,
    "hidden_dims": [
      100,
      100,
      100
    ],
    "model_type": "cnn",
    "kw": {}
  },
  "results": {
    "num_epochs": 0,
    "train_loss": [
      2.303623538017273,
      2.302831694285075,
      2.3027224095662433,
      2.302706422805786,
      2.3027046950658163,
      2.3027046489715577
    ],
    "train_acc": [
      9.713541666666666,
      9.984375,
      10.041666666666666,
      10.026041666666666,
      9.973958333333334,
      10.015625
    ],
    "test_loss": [
      2.302908552487691,
      2.3027011728286744,
      2.302685906092326,
      2.3026902627944947,
      2.302693298657735,
      2.3026949564615884
    ],
    "test_acc": [
      10.166666666666666,
      9.666666666666666,
      9.666666666666666,
      9.666666666666666,
      9.666666666666666,
      9.666666666666666
    ]
  }
}