{
  "config": {
    "run_name": "exp1_2",
    "out_dir": "./results",
    "seed": 1178254565,
    "device": null,
    "bs_train": 128,
    "bs_test": 40,
    "batches": 150,
    "epochs": 50,
    "early_stopping": 3,
    "checkpoints": null,
    "lr": 0.005,
    "reg": 0.001,
    "filters_per_layer": [
      128
    ],
    "layers_per_block": 8,
    "pool_every": 4,
    "hidden_dims": [
      100,
      100,
      100
    ],
    "model_type": "cnn",
    "kw": {}
  },
  "results": {
    "num_epochs": 0,
    "train_loss": [
      2.303937439918518,
      2.303635802268982,
      2.3033970403671264,
      2.303207392692566,
      2.3030565039316815,
      2.302936461766561,
      2.302840922673543,
      2.302764859199524,
      2.302704277038574,
      2.3026559511820475,
      2.302617449760437,
      2.3025867176055907,
      2.3025621700286867
    ],
    "train_acc": [
      9.958333333333334,
      9.958333333333334,
      9.958333333333334,
      9.958333333333334,
      9.958333333333334,
      9.958333333333334,
      9.958333333333334,
      9.958333333333334,
      10.057291666666666,
      10.0625,
      10.104166666666666,
      9.901041666666666,
      10.25
    ],
    "test_loss": [
      2.303329723676046,
      2.303166766166687,
      2.303046558698018,
      2.3029591274261474,
      2.302896774609884,
      2.3028533919652303,
      2.30282453695933,
      2.3028064807256063,
      2.3027963701883953,
      2.302792199452718,
      2.3027922264734904,
      2.3027953322728476,
      2.3028003946940103
    ],
    "test_acc": [
      10.416666666666666,
      10.416666666666666,
      10.416666666666666,
      10.416666666666666,
      10.416666666666666,
      10.416666666666666,
      10.416666666666666,
      10.066666666666666,
      10.066666666666666,
      10.066666666666666,
      10.066666666666666,
      10.066666666666666,
      9.65
    ]
  }
}