{
  "config": {
    "run_name": "exp1_1",
    "out_dir": "./results",
    "seed": 1310793266,
    "device": null,
    "bs_train": 128,
    "bs_test": 40,
    "batches": 150,
    "epochs": 50,
    "early_stopping": 3,
    "checkpoints": null,
    "lr": 0.05,
    "reg": 0.001,
    "filters_per_layer": [
      32
    ],
    "layers_per_block": 16,
    "pool_every": 4,
    "hidden_dims": [
      100,
      100,
      100
    ],
    "model_type": "cnn",
    "kw": {}
  },
  "results": {
    "num_epochs": 0,
    "train_loss": [
      2.3036879237492878,
      2.302721538543701,
      2.302635595003764,
      2.302632761001587,
      2.302634867032369,
      2.3026358318328857,
      2.302636168797811,
      2.302636162439982,
      2.3026360766092937,
      2.3026359860102334,
      2.302635836601257,
      2.302635734875997,
      2.3026356363296507,
      2.3026355139414467,
      2.3026354201634724,
      2.3026352373758954,
      2.3026351658503215
    ],
    "train_acc": [
      9.927083333333334,
      10.369791666666666,
      10.369791666666666,
      10.369791666666666,
      10.369791666666666,
      10.369791666666666,
      10.369791666666666,
      10.369791666666666,
      10.369791666666666,
      10.369791666666666,
      10.369791666666666,
      10.369791666666666,
      10.369791666666666,
      10.369791666666666,
      10.369791666666666,
      10.369791666666666,
      10.369791666666666
    ],
    "test_loss": [
      2.303189115524292,
      2.3027802912394204,
      2.3027054262161255,
      2.302686602274577,
      2.302681048711141,
      2.302679014205933,
      2.302678421338399,
      2.3026780319213866,
      2.302678085962931,
      2.3026785246531167,
      2.3026779969533284,
      2.3026781940460204,
      2.3026780033111574,
      2.3026778173446654,
      2.3026783418655397,
      2.3026783816019694,
      2.3026780827840168
    ],
    "test_acc": [
      9.966666666666667,
      9.966666666666667,
      9.966666666666667,
      9.966666666666667,
      9.966666666666667,
      9.966666666666667,
      9.966666666666667,
      9.966666666666667,
      9.966666666666667,
      9.966666666666667,
      9.966666666666667,
      9.966666666666667,
      9.966666666666667,
      9.966666666666667,
      9.966666666666667,
      9.966666666666667,
      9.966666666666667
    ]
  }
}