{
  "config": {
    "run_name": "exp1_2",
    "out_dir": "./results",
    "seed": 1269971625,
    "device": null,
    "bs_train": 128,
    "bs_test": 40,
    "batches": 150,
    "epochs": 50,
    "early_stopping": 3,
    "checkpoints": null,
    "lr": 0.05,
    "reg": 0.001,
    "filters_per_layer": [
      64
    ],
    "layers_per_block": 8,
    "pool_every": 2,
    "hidden_dims": [
      100,
      100,
      100
    ],
    "model_type": "cnn",
    "kw": {}
  },
  "results": {
    "num_epochs": 0,
    "train_loss": [
      2.3036772791544595,
      2.3027715269724527,
      2.3026301654179893,
      2.3026060612996417,
      2.3026005347569782,
      2.302599571545919
    ],
    "train_acc": [
      10.098958333333334,
      10.244791666666666,
      10.135416666666666,
      10.088541666666666,
      10.09375,
      10.088541666666666
    ],
    "test_loss": [
      2.3028999106089274,
      2.3026577774683634,
      2.302635176976522,
      2.3026382605234783,
      2.3026417620976765,
      2.302643585205078
    ],
    "test_acc": [
      10.083333333333334,
      10.083333333333334,
      10.083333333333334,
      10.083333333333334,
      10.083333333333334,
      10.083333333333334
    ]
  }
}