{
  "config": {
    "run_name": "exp1_2",
    "out_dir": "./results",
    "seed": 251767535,
    "device": null,
    "bs_train": 128,
    "bs_test": 40,
    "batches": 150,
    "epochs": 50,
    "early_stopping": 3,
    "checkpoints": null,
    "lr": 0.005,
    "reg": 0.001,
    "filters_per_layer": [
      32
    ],
    "layers_per_block": 8,
    "pool_every": 4,
    "hidden_dims": [
      100,
      100,
      100
    ],
    "model_type": "cnn",
    "kw": {}
  },
  "results": {
    "num_epochs": 0,
    "train_loss": [
      2.303700617154439,
      2.303448445002238,
      2.3032483021418253,
      2.3030889240900674,
      2.3029617786407472,
      2.3028602266311644,
      2.3027789783477783,
      2.3027138614654543,
      2.3026616191864013,
      2.302619689305623,
      2.3025860023498534,
      2.3025588750839234,
      2.3025370740890505,
      2.302519521713257,
      2.302505342165629,
      2.302493923505147,
      2.3024847443898517,
      2.3024773104985554,
      2.3024713134765626
    ],
    "train_acc": [
      9.78125,
      9.78125,
      9.78125,
      9.78125,
      9.78125,
      9.78125,
      9.78125,
      9.78125,
      9.78125,
      10.005208333333334,
      10.302083333333334,
      10.302083333333334,
      10.302083333333334,
      10.302083333333334,
      10.302083333333334,
      10.302083333333334,
      10.302083333333334,
      10.302083333333334,
      10.302083333333334
    ],
    "test_loss": [
      2.3034266742070515,
      2.3032514222462974,
      2.3031166728337604,
      2.3030133136113484,
      2.3029342460632325,
      2.302874207496643,
      2.3028288173675535,
      2.3027949412663777,
      2.3027698945999147,
      2.302751719156901,
      2.3027387475967407,
      2.3027298895517987,
      2.302724061012268,
      2.3027206563949587,
      2.302718888918559,
      2.302718437512716,
      2.3027189493179323,
      2.302720020612081,
      2.3027216370900474
    ],
    "test_acc": [
      9.966666666666667,
      9.966666666666667,
      9.966666666666667,
      9.966666666666667,
      9.966666666666667,
      9.966666666666667,
      9.966666666666667,
      9.966666666666667,
      9.966666666666667,
      9.783333333333333,
      9.783333333333333,
      9.783333333333333,
      9.783333333333333,
      9.783333333333333,
      9.783333333333333,
      9.783333333333333,
      9.783333333333333,
      9.783333333333333,
      9.783333333333333
    ]
  }
}