{
  "config": {
    "run_name": "exp1_1",
    "out_dir": "./results",
    "seed": 23562551,
    "device": null,
    "bs_train": 128,
    "bs_test": 40,
    "batches": 150,
    "epochs": 50,
    "early_stopping": 3,
    "checkpoints": null,
    "lr": 0.05,
    "reg": 0.001,
    "filters_per_layer": [
      32
    ],
    "layers_per_block": 2,
    "pool_every": 2,
    "hidden_dims": [
      100,
      100,
      100
    ],
    "model_type": "cnn",
    "kw": {}
  },
  "results": {
    "num_epochs": 0,
    "train_loss": [
      2.301776580810547,
      2.290818077723185,
      2.186806989510854,
      2.0640770618120827,
      1.9486401748657227,
      1.8478632402420043,
      1.765427238146464,
      1.6956545742352804,
      1.634998207092285,
      1.5854530453681945,
      1.5405874180793762,
      1.496772873401642,
      1.451002093156179,
      1.4023855272928873
    ],
    "train_acc": [
      10.130208333333334,
      15.46875,
      18.458333333333332,
      25.036458333333332,
      30.338541666666668,
      34.255208333333336,
      37.197916666666664,
      39.369791666666664,
      41.520833333333336,
      43.046875,
      44.510416666666664,
      45.963541666666664,
      47.645833333333336,
      49.578125
    ],
    "test_loss": [
      2.2997792307535807,
      2.258630617459615,
      2.120810653368632,
      1.9318015305201213,
      1.831785515944163,
      1.7416877468427023,
      1.678181832631429,
      1.6460069179534913,
      1.5588215613365173,
      1.5240747149785359,
      1.4994271190961201,
      1.5224409699440002,
      1.5515836771329243,
      1.5033440883954365
    ],
    "test_acc": [
      13.233333333333333,
      15.633333333333333,
      21.733333333333334,
      30.383333333333333,
      34.15,
      37.3,
      39.25,
      40.7,
      43.55,
      44.733333333333334,
      46.016666666666666,
      45.95,
      45.71666666666667,
      46.36666666666667
    ]
  }
}