{
  "config": {
    "run_name": "exp1_2",
    "out_dir": "./results",
    "seed": 890083534,
    "device": null,
    "bs_train": 128,
    "bs_test": 40,
    "batches": 150,
    "epochs": 50,
    "early_stopping": 3,
    "checkpoints": null,
    "lr": 0.05,
    "reg": 0.001,
    "filters_per_layer": [
      256
    ],
    "layers_per_block": 8,
    "pool_every": 2,
    "hidden_dims": [
      100,
      100,
      100
    ],
    "model_type": "cnn",
    "kw": {}
  },
  "results": {
    "num_epochs": 0,
    "train_loss": [
      2.30344796816508,
      2.302713410059611,
      2.3026296663284302,
      2.302623283068339,
      2.302624001502991,
      2.302624494234721,
      2.3026245911916097,
      2.302624465624491,
      2.3026242462793984,
      2.302624009450277,
      2.302623755137126,
      2.3026235326131186,
      2.3026232528686523,
      2.3026230637232463,
      2.3026227553685508,
      2.302622545560201,
      2.3026223468780516,
      2.3026220575968424,
      2.3026217571894327,
      2.302621545791626,
      2.3026213216781617,
      2.302621111869812,
      2.302620849609375,
      2.3026206143697103,
      2.302620385487874,
      2.302620155016581,
      2.3026198895772296,
      2.3026196336746216,
      2.3026193730036417,
      2.302619161605835,
      2.302618885040283,
      2.3026185989379884,
      2.3026183398564655,
      2.3026180283228554,
      2.3026177422205607,
      2.3026175022125246,
      2.3026171922683716,
      2.3026168966293334,
      2.3026165850957234,
      2.30261625289917,
      2.302615884145101,
      2.302615523338318,
      2.3026151100794476,
      2.3026147921880087,
      2.302614464759827,
      2.302614115079244,
      2.3026137431462605,
      2.3026133410135903,
      2.302612984975179,
      2.3026125621795654
    ],
    "train_acc": [
      9.807291666666666,
      10.296875,
      10.197916666666666,
      10.140625,
      10.291666666666666,
      10.317708333333334,
      10.328125,
      10.296875,
      10.296875,
      10.296875,
      10.296875,
      10.296875,
      10.296875,
      10.296875,
      10.296875,
      10.296875,
      10.296875,
      10.296875,
      10.296875,
      10.296875,
      10.307291666666666,
      10.328125,
      10.338541666666666,
      10.354166666666666,
      10.359375,
      10.359375,
      10.364583333333334,
      10.354166666666666,
      10.354166666666666,
      10.364583333333334,
      10.359375,
      10.354166666666666,
      10.359375,
      10.348958333333334,
      10.348958333333334,
      10.348958333333334,
      10.348958333333334,
      10.348958333333334,
      10.348958333333334,
      10.354166666666666,
      10.354166666666666,
      10.348958333333334,
      10.359375,
      10.359375,
      10.354166666666666,
      10.348958333333334,
      10.354166666666666,
      10.354166666666666,
      10.359375,
      10.359375
    ],
    "test_loss": [
      2.3031370051701865,
      2.302847638130188,
      2.302801710764567,
      2.3027935377756754,
      2.302791787783305,
      2.302791255315145,
      2.302790959676107,
      2.30279078801473,
      2.3027905559539796,
      2.302790438334147,
      2.3027902094523114,
      2.302790017127991,
      2.302789896329244,
      2.30278972307841,
      2.3027895816167194,
      2.302789397239685,
      2.3027892033259074,
      2.3027889839808147,
      2.3027888329823814,
      2.302788707415263,
      2.3027885087331135,
      2.302788332303365,
      2.302788174947103,
      2.3027880430221557,
      2.3027878173192344,
      2.3027876520156862,
      2.30278746287028,
      2.3027873134613035,
      2.302787103652954,
      2.302786922454834,
      2.30278672059377,
      2.3027865060170494,
      2.302786283493042,
      2.302786010106405,
      2.3027858336766562,
      2.302785636583964,
      2.3027854283650715,
      2.3027851978937783,
      2.302784924507141,
      2.3027846161524455,
      2.3027843221028648,
      2.3027840073903403,
      2.302783729235331,
      2.302783417701721,
      2.302783137957255,
      2.3027828629811604,
      2.302782562573751,
      2.3027822224299115,
      2.302781901359558,
      2.30278151512146
    ],
    "test_acc": [
      9.55,
      10.1,
      10.1,
      9.95,
      9.95,
      9.95,
      9.95,
      9.95,
      9.95,
      9.95,
      9.95,
      9.95,
      9.95,
      9.95,
      9.95,
      9.95,
      9.95,
      9.95,
      9.95,
      9.95,
      9.95,
      9.95,
      9.95,
      9.95,
      9.95,
      9.95,
      9.95,
      9.95,
      9.95,
      9.95,
      9.95,
      9.95,
      9.95,
      9.95,
      9.95,
      9.95,
      9.95,
      9.95,
      9.95,
      9.95,
      9.95,
      9.95,
      9.95,
      9.95,
      9.95,
      9.95,
      9.95,
      9.95,
      9.95,
      9.95
    ]
  }
}