{
  "config": {
    "run_name": "exp1_1",
    "out_dir": "./results",
    "seed": 297407492,
    "device": null,
    "bs_train": 128,
    "bs_test": 40,
    "batches": 150,
    "epochs": 50,
    "early_stopping": 3,
    "checkpoints": null,
    "lr": 0.05,
    "reg": 0.001,
    "filters_per_layer": [
      64
    ],
    "layers_per_block": 2,
    "pool_every": 2,
    "hidden_dims": [
      100,
      100,
      100
    ],
    "model_type": "cnn",
    "kw": {}
  },
  "results": {
    "num_epochs": 0,
    "train_loss": [
      2.2985354725519818,
      2.206981619199117,
      2.0435693939526876,
      1.9059078605969746,
      1.7984650874137877,
      1.718666071097056,
      1.6462932165463766,
      1.5768608021736146,
      1.509772764046987,
      1.4513095172246298,
      1.3895872322718303,
      1.3288565762837727,
      1.2724616575241088,
      1.2100218391418458,
      1.152428567012151,
      1.0850828222433726,
      1.015806765158971,
      0.9496674867471059
    ],
    "train_acc": [
      12.817708333333334,
      17.5625,
      25.776041666666668,
      31.234375,
      35.515625,
      38.333333333333336,
      40.723958333333336,
      42.822916666666664,
      45.125,
      47.166666666666664,
      49.479166666666664,
      51.859375,
      53.890625,
      56.59375,
      58.578125,
      61.28125,
      63.708333333333336,
      66.328125
    ],
    "test_loss": [
      2.287386663754781,
      2.1931015626589456,
      1.9223101107279459,
      1.816700003941854,
      1.7316037050882975,
      1.6764859239260355,
      1.624891974925995,
      1.5766453965504965,
      1.4875479451815288,
      1.4375094532966615,
      1.4153323646386464,
      1.3544791142145793,
      1.3196450261274975,
      1.298470508257548,
      1.2276700433095296,
      1.3379505527019502,
      1.3808559119701385,
      1.257174217303594
    ],
    "test_acc": [
      15.65,
      18.75,
      29.633333333333333,
      34.05,
      37.2,
      39.083333333333336,
      40.9,
      42.9,
      46.3,
      48.083333333333336,
      49.15,
      51.11666666666667,
      52.666666666666664,
      53.85,
      56.1,
      53.46666666666667,
      52.1,
      56.86666666666667
    ]
  }
}