{
  "config": {
    "run_name": "exp1_2",
    "out_dir": "./results",
    "seed": 2130603834,
    "device": null,
    "bs_train": 128,
    "bs_test": 40,
    "batches": 150,
    "epochs": 50,
    "early_stopping": 3,
    "checkpoints": null,
    "lr": 0.05,
    "reg": 0.001,
    "filters_per_layer": [
      128
    ],
    "layers_per_block": 2,
    "pool_every": 2,
    "hidden_dims": [
      100,
      100,
      100
    ],
    "model_type": "cnn",
    "kw": {}
  },
  "results": {
    "num_epochs": 0,
    "train_loss": [
      2.2697661606470745,
      2.1077214686075845,
      1.952234265009562,
      1.8424213933944702,
      1.7516054423650105,
      1.6666199827194215,
      1.58912704706192,
      1.506421634356181,
      1.4363978203137715,
      1.3566134214401244,
      1.2818141428629557,
      1.2045018128554026,
      1.1281484357515972,
      1.0501688913504283,
      0.9749405996004741,
      0.8988092728455861,
      0.8319455977280935,
      0.7759057513872782,
      0.6808057026068369,
      0.6178415012359619
    ],
    "train_acc": [
      12.807291666666666,
      22.942708333333332,
      29.34375,
      34.0625,
      37.375,
      40.083333333333336,
      42.776041666666664,
      45.640625,
      48.609375,
      51.260416666666664,
      54.489583333333336,
      56.713541666666664,
      59.755208333333336,
      62.484375,
      65.28125,
      68.0625,
      70.734375,
      73.03645833333333,
      76.27604166666667,
      78.73958333333333
    ],
    "test_loss": [
      2.2204689502716066,
      1.9616078400611878,
      1.8356333684921264,
      1.7403052711486817,
      1.6639147011439006,
      1.5805076853434246,
      1.4878658946355183,
      1.4102940734227498,
      1.393306474685669,
      1.291915864944458,
      1.2450094020366669,
      1.22147194981575,
      1.2362209975719451,
      1.16188352227211,
      1.1998470938205719,
      1.1377186453342438,
      1.1345417821407318,
      1.1784722956021627,
      1.1645458968480429,
      1.2021806061267852
    ],
    "test_acc": [
      15.083333333333334,
      28.883333333333333,
      34.35,
      37.95,
      40.68333333333333,
      42.86666666666667,
      46.75,
      49.03333333333333,
      49.983333333333334,
      53.416666666666664,
      55.3,
      56.31666666666667,
      56.06666666666667,
      58.833333333333336,
      58.05,
      60.85,
      61.5,
      61.0,
      62.266666666666666,
      61.96666666666667
    ]
  }
}