{
  "config": {
    "run_name": "exp1_2",
    "out_dir": "./results",
    "seed": 1112887117,
    "device": null,
    "bs_train": 128,
    "bs_test": 40,
    "batches": 150,
    "epochs": 50,
    "early_stopping": 3,
    "checkpoints": null,
    "lr": 0.005,
    "reg": 0.001,
    "filters_per_layer": [
      256
    ],
    "layers_per_block": 8,
    "pool_every": 4,
    "hidden_dims": [
      100,
      100,
      100
    ],
    "model_type": "cnn",
    "kw": {}
  },
  "results": {
    "num_epochs": 0,
    "train_loss": [
      2.303881462415059,
      2.3035996627807616,
      2.3033768129348755,
      2.3032005469004315,
      2.3030607906977334,
      2.30294962088267,
      2.302861026128133,
      2.302790870666504,
      2.3027353525161742,
      2.302690877914429,
      2.3026552375157676,
      2.3026266781489055,
      2.3026037724812825,
      2.3025853411356607,
      2.3025705766677858,
      2.302558697064718,
      2.3025492318471272,
      2.3025415484110514,
      2.302535368601481,
      2.3025304396947224,
      2.302526418368022,
      2.3025232330958048
    ],
    "train_acc": [
      10.026041666666666,
      10.026041666666666,
      10.026041666666666,
      10.026041666666666,
      10.026041666666666,
      10.026041666666666,
      10.026041666666666,
      10.026041666666666,
      10.026041666666666,
      10.026041666666666,
      10.026041666666666,
      10.026041666666666,
      10.026041666666666,
      10.026041666666666,
      10.026041666666666,
      9.901041666666666,
      9.963541666666666,
      10.239583333333334,
      10.239583333333334,
      10.239583333333334,
      10.239583333333334,
      10.239583333333334
    ],
    "test_loss": [
      2.3036276404062908,
      2.303416109085083,
      2.3032523997624716,
      2.303125580151876,
      2.3030277744928997,
      2.3029523007074992,
      2.3028943427403767,
      2.302850675582886,
      2.302817381223043,
      2.3027922360102338,
      2.302773435910543,
      2.3027595615386964,
      2.302749578158061,
      2.302742486000061,
      2.3027377192179364,
      2.302734621365865,
      2.302732876141866,
      2.302732079823812,
      2.302732048034668,
      2.3027324295043945,
      2.302733227411906,
      2.3027343479792277
    ],
    "test_acc": [
      10.516666666666667,
      10.516666666666667,
      10.516666666666667,
      10.516666666666667,
      10.516666666666667,
      10.516666666666667,
      10.516666666666667,
      10.516666666666667,
      10.516666666666667,
      10.516666666666667,
      10.516666666666667,
      10.516666666666667,
      10.516666666666667,
      10.516666666666667,
      10.516666666666667,
      10.516666666666667,
      9.983333333333333,
      9.983333333333333,
      9.983333333333333,
      9.983333333333333,
      9.983333333333333,
      9.983333333333333
    ]
  }
}