{
  "config": {
    "run_name": "exp2",
    "out_dir": "./results",
    "seed": 1581886609,
    "device": null,
    "bs_train": 128,
    "bs_test": 40,
    "batches": 150,
    "epochs": 50,
    "early_stopping": 3,
    "checkpoints": null,
    "lr": 0.001,
    "reg": 0.001,
    "filters_per_layer": [
      32,
      64,
      128
    ],
    "layers_per_block": 3,
    "pool_every": 2,
    "hidden_dims": [
      100
    ],
    "model_type": "ycn",
    "kw": {}
  },
  "results": {
    "num_epochs": 0,
    "train_loss": [
      2.305771233240763,
      2.3052788909276325,
      2.303856814702352,
      2.303494257926941,
      2.302986857096354,
      2.3029609711964927,
      2.302439940770467,
      2.3015267690022787,
      2.3011780055363973,
      2.3000189940134685,
      2.2991993395487467,
      2.2977519257863364,
      2.2971636343002317,
      2.2955682945251463,
      2.2941649913787843,
      2.2916512505213418,
      2.289309320449829,
      2.286293584505717,
      2.283090181350708,
      2.277661231358846,
      2.2713927125930784,
      2.264389745394389,
      2.255083918571472,
      2.2449453910191854,
      2.232025705973307,
      2.2180674266815186,
      2.2054892269770305,
      2.193047817548116,
      2.1834714873631795,
      2.174336813290914,
      2.1625777848561607
    ],
    "train_acc": [
      9.817708333333334,
      10.098958333333334,
      10.4375,
      10.125,
      10.359375,
      9.8125,
      10.223958333333334,
      10.291666666666666,
      10.328125,
      11.083333333333334,
      10.817708333333334,
      11.15625,
      11.401041666666666,
      11.53125,
      11.5625,
      11.677083333333334,
      12.192708333333334,
      12.427083333333334,
      12.442708333333334,
      13.5,
      14.088541666666666,
      14.526041666666666,
      14.744791666666666,
      15.635416666666666,
      16.203125,
      16.859375,
      17.901041666666668,
      17.786458333333332,
      17.958333333333332,
      18.140625,
      18.802083333333332
    ],
    "test_loss": [
      2.3040281422932942,
      2.3039281272888186,
      2.303819499015808,
      2.303725643157959,
      2.3036292854944866,
      2.3035422929128013,
      2.303456598917643,
      2.303369526863098,
      2.3032697153091433,
      2.3031662114461264,
      2.3030761591593425,
      2.302985378901164,
      2.3028909810384115,
      2.302802077929179,
      2.3027458747227985,
      2.302643388112386,
      2.3025108114878337,
      2.3023784923553468,
      2.3022147544225056,
      2.302065382003784,
      2.301847805976868,
      2.3016115188598634,
      2.30145916779836,
      2.301213061014811,
      2.3007765754063922,
      2.3001439412434896,
      2.299185183842977,
      2.298587431907654,
      2.2986292854944863,
      2.2986787430445355,
      2.300414552688599
    ],
    "test_acc": [
      10.233333333333333,
      10.216666666666667,
      10.183333333333334,
      10.15,
      10.15,
      10.15,
      10.233333333333333,
      10.166666666666666,
      10.183333333333334,
      10.183333333333334,
      10.216666666666667,
      10.366666666666667,
      10.633333333333333,
      10.533333333333333,
      9.95,
      9.616666666666667,
      9.666666666666666,
      9.683333333333334,
      9.683333333333334,
      9.683333333333334,
      9.683333333333334,
      9.683333333333334,
      9.683333333333334,
      11.25,
      10.266666666666667,
      10.4,
      10.583333333333334,
      10.633333333333333,
      10.616666666666667,
      10.65,
      10.616666666666667
    ]
  }
}