{
  "config": {
    "run_name": "exp2",
    "out_dir": "./results",
    "seed": 687391572,
    "device": null,
    "bs_train": 128,
    "bs_test": 40,
    "batches": 150,
    "epochs": 50,
    "early_stopping": 3,
    "checkpoints": null,
    "lr": 0.001,
    "reg": 0.001,
    "filters_per_layer": [
      32,
      64,
      128
    ],
    "layers_per_block": 9,
    "pool_every": 5,
    "hidden_dims": [
      100
    ],
    "model_type": "ycn",
    "kw": {}
  },
  "results": {
    "num_epochs": 0,
    "train_loss": [
      2.3046913385391234,
      2.304764370918274,
      2.304797410964966,
      2.304534635543823,
      2.3040855741500854,
      2.304272335370382,
      2.3041589705149335,
      2.3039154402414956,
      2.303811259269714,
      2.30362548828125,
      2.3035949802398683,
      2.303876063028971,
      2.303607947031657,
      2.303468413352966,
      2.3036308749516805,
      2.303531848589579,
      2.3031981293360393,
      2.303226459821065,
      2.303012760480245,
      2.3030169947942096,
      2.302941737174988,
      2.3032080443700154,
      2.3029818550745644,
      2.3030928405125937,
      2.3027145687739052,
      2.3029162311553955,
      2.3024137449264526,
      2.302722905476888,
      2.3024258550008136,
      2.3022923851013184,
      2.3023853588104246,
      2.302027718226115,
      2.30181044737498,
      2.3019299205144246,
      2.302192740440369,
      2.3020994599660236,
      2.3019164005915322,
      2.301486031214396,
      2.3018660100301105,
      2.301634095509847,
      2.3014548301696776,
      2.3013432232538857,
      2.3013643471399945,
      2.301191986401876,
      2.301026600201925,
      2.3007845878601074,
      2.3009646717707315,
      2.3006961488723756,
      2.3005126841862995,
      2.3003825918833414
    ],
    "train_acc": [
      9.463541666666666,
      9.786458333333334,
      9.661458333333334,
      9.90625,
      9.859375,
      9.854166666666666,
      9.505208333333334,
      10.208333333333334,
      9.942708333333334,
      9.854166666666666,
      10.052083333333334,
      10.119791666666666,
      10.182291666666666,
      9.942708333333334,
      10.104166666666666,
      9.916666666666666,
      9.885416666666666,
      10.015625,
      10.0,
      9.96875,
      10.630208333333334,
      10.083333333333334,
      10.057291666666666,
      10.010416666666666,
      10.307291666666666,
      10.182291666666666,
      10.34375,
      10.369791666666666,
      10.541666666666666,
      10.505208333333334,
      10.567708333333334,
      10.697916666666666,
      11.046875,
      10.932291666666666,
      10.640625,
      10.479166666666666,
      10.802083333333334,
      11.036458333333334,
      10.880208333333334,
      10.572916666666666,
      11.359375,
      10.958333333333334,
      11.265625,
      11.348958333333334,
      11.177083333333334,
      11.921875,
      11.859375,
      11.791666666666666,
      12.197916666666666,
      11.666666666666666
    ],
    "test_loss": [
      2.3043770742416383,
      2.30430225054423,
      2.304233810106913,
      2.3041656001408897,
      2.3041011238098146,
      2.3040405543645224,
      2.303981148401896,
      2.303925517400106,
      2.3038717206319173,
      2.303819397290548,
      2.3037693166732787,
      2.3037219349543254,
      2.303676191965739,
      2.3036339219411213,
      2.303593142827352,
      2.3035534048080444,
      2.303516395886739,
      2.3034805345535276,
      2.3034479586283365,
      2.3034140062332153,
      2.303384245236715,
      2.3033547671635946,
      2.303327131271362,
      2.3032992458343506,
      2.3032743056615193,
      2.303251150449117,
      2.303228114446004,
      2.303207090695699,
      2.3031857299804686,
      2.3031661748886108,
      2.3031491645177207,
      2.3031313101450603,
      2.3031128613154093,
      2.3030970684687295,
      2.303082424799601,
      2.303067690531413,
      2.303055704434713,
      2.3030424292882286,
      2.303030514717102,
      2.3030194822947183,
      2.3030090443293254,
      2.3029999017715452,
      2.3029919560750325,
      2.3029843886693318,
      2.3029767258961997,
      2.3029700676600138,
      2.3029662275314333,
      2.3029601113001505,
      2.302956811587016,
      2.302953550020854
    ],
    "test_acc": [
      9.833333333333334,
      9.833333333333334,
      9.833333333333334,
      9.833333333333334,
      9.833333333333334,
      9.833333333333334,
      9.833333333333334,
      9.833333333333334,
      9.833333333333334,
      9.833333333333334,
      9.666666666666666,
      9.666666666666666,
      9.666666666666666,
      9.666666666666666,
      9.666666666666666,
      9.666666666666666,
      9.666666666666666,
      9.666666666666666,
      9.666666666666666,
      9.666666666666666,
      9.666666666666666,
      9.666666666666666,
      9.666666666666666,
      9.666666666666666,
      9.666666666666666,
      9.666666666666666,
      9.666666666666666,
      9.666666666666666,
      9.666666666666666,
      9.666666666666666,
      9.666666666666666,
      9.666666666666666,
      9.666666666666666,
      9.666666666666666,
      9.666666666666666,
      9.666666666666666,
      9.666666666666666,
      9.666666666666666,
      9.666666666666666,
      9.666666666666666,
      9.666666666666666,
      9.666666666666666,
      9.666666666666666,
      9.666666666666666,
      9.666666666666666,
      9.666666666666666,
      9.666666666666666,
      9.666666666666666,
      9.666666666666666,
      9.666666666666666
    ]
  }
}