{
  "config": {
    "run_name": "exp2",
    "out_dir": "./results",
    "seed": 443886500,
    "device": null,
    "bs_train": 128,
    "bs_test": 40,
    "batches": 150,
    "epochs": 50,
    "early_stopping": 20,
    "checkpoints": null,
    "lr": 0.05,
    "reg": 0.001,
    "filters_per_layer": [
      32,
      64,
      128
    ],
    "layers_per_block": 6,
    "pool_every": 5,
    "hidden_dims": [
      100
    ],
    "model_type": "ycn",
    "kw": {}
  },
  "results": {
    "num_epochs": 0,
    "train_loss": [
      2.2627216895421345,
      2.0327251823743184,
      1.920132926305135,
      1.8375093046824138,
      1.7851131757100422,
      1.7303730432192486,
      1.6847993691762289,
      1.6394599437713624,
      1.5876670145988465,
      1.542409774462382,
      1.4953854513168334,
      1.4566745996475219,
      1.4110094205538433,
      1.3780255103111267,
      1.3314912263552348,
      1.2930487600962322,
      1.2550696198145548,
      1.2137410497665406,
      1.176885056893031,
      1.137558581829071,
      1.1088974301020305,
      1.0781731168429056,
      1.0515828235944111,
      1.02180583914121,
      1.0014493668079376,
      0.9651722053686778,
      0.9544652386506398,
      0.9309133676687876,
      0.9122345920403798,
      0.8973467290401459,
      0.876141265630722,
      0.8603349296251933,
      0.8503861896197001,
      0.8316119305292765,
      0.8215125819047292,
      0.8031651310125987,
      0.7838714369138082,
      0.7822606881459554,
      0.7600240488847096,
      0.753172828356425,
      0.7401387574275334,
      0.7270517985026042,
      0.7227448399861653,
      0.702182959318161,
      0.7007682698965073,
      0.6836393549044927,
      0.6731222055355708,
      0.6573097266753515,
      0.6601003597180048,
      0.644892918864886
    ],
    "train_acc": [
      13.697916666666666,
      20.567708333333332,
      23.864583333333332,
      28.411458333333332,
      31.635416666666668,
      33.609375,
      35.197916666666664,
      37.046875,
      39.354166666666664,
      41.796875,
      43.911458333333336,
      45.765625,
      48.197916666666664,
      49.151041666666664,
      51.729166666666664,
      53.322916666666664,
      55.015625,
      56.541666666666664,
      58.34375,
      59.489583333333336,
      60.520833333333336,
      62.229166666666664,
      63.067708333333336,
      64.23958333333333,
      65.109375,
      66.47395833333333,
      67.13541666666667,
      67.69791666666667,
      68.5625,
      68.91666666666667,
      69.75520833333333,
      70.234375,
      70.609375,
      70.86979166666667,
      72.01041666666667,
      72.078125,
      73.015625,
      73.0625,
      73.83854166666667,
      74.109375,
      74.44270833333333,
      74.92708333333333,
      75.15625,
      75.875,
      76.125,
      76.60416666666667,
      76.9375,
      77.53645833333333,
      77.41145833333333,
      78.046875
    ],
    "test_loss": [
      2.3132696469624836,
      3.338493671417236,
      3.7440478515625,
      2.83225714524587,
      3.093642257054647,
      3.0600414148966473,
      2.682049519220988,
      2.671151736577352,
      2.557273810704549,
      2.127406504154205,
      1.9482473492622376,
      1.93598508199056,
      1.888637661933899,
      1.652658474445343,
      1.54319487174352,
      1.7430640824635824,
      1.6950754308700562,
      1.4907407768567402,
      1.565532321135203,
      1.225955547094345,
      1.2477545921007793,
      1.1822094742457072,
      1.200812582174937,
      1.087207581202189,
      1.1577821425596873,
      1.1181894290447234,
      1.341781076192856,
      1.298835020860036,
      1.146655650138855,
      1.2030027417341869,
      1.27465487241745,
      1.0221863798300426,
      1.048398898045222,
      0.8961820622285207,
      0.9790344711144765,
      1.2112855100631714,
      1.0872037827968597,
      1.009276474316915,
      1.0856145401795705,
      0.8951718431711196,
      1.0138527321815491,
      0.8492847579717636,
      1.0267138755321503,
      0.8507574133078257,
      1.0880117770036062,
      1.1061236763000488,
      0.966063156525294,
      0.8941599335273107,
      0.884975575208664,
      0.8318303457895915
    ],
    "test_acc": [
      9.883333333333333,
      9.883333333333333,
      10.5,
      11.466666666666667,
      11.0,
      11.916666666666666,
      14.683333333333334,
      14.1,
      17.783333333333335,
      25.633333333333333,
      32.18333333333333,
      33.93333333333333,
      34.21666666666667,
      41.5,
      45.21666666666667,
      37.666666666666664,
      42.15,
      47.13333333333333,
      47.05,
      57.0,
      56.13333333333333,
      57.333333333333336,
      58.333333333333336,
      61.6,
      59.05,
      60.05,
      55.083333333333336,
      55.25,
      61.05,
      58.31666666666667,
      56.71666666666667,
      65.06666666666666,
      63.833333333333336,
      68.53333333333333,
      65.46666666666667,
      59.483333333333334,
      63.71666666666667,
      65.65,
      62.8,
      69.0,
      65.65,
      70.18333333333334,
      65.48333333333333,
      70.78333333333333,
      64.01666666666667,
      63.666666666666664,
      68.35,
      69.78333333333333,
      71.05,
      71.86666666666666
    ]
  }
}