{
  "config": {
    "run_name": "exp2",
    "out_dir": "./results",
    "seed": 180892278,
    "device": null,
    "bs_train": 128,
    "bs_test": 40,
    "batches": 150,
    "epochs": 50,
    "early_stopping": 20,
    "checkpoints": null,
    "lr": 0.05,
    "reg": 0.001,
    "filters_per_layer": [
      32,
      64,
      128
    ],
    "layers_per_block": 12,
    "pool_every": 9,
    "hidden_dims": [
      100
    ],
    "model_type": "ycn",
    "kw": {}
  },
  "results": {
    "num_epochs": 0,
    "train_loss": [
      2.251101226806641,
      2.1339033762613933,
      2.0243008589744567,
      1.961801126797994,
      1.9206913550694784,
      1.8964639655749003,
      1.885302898089091,
      1.8703766870498657,
      1.857500585714976,
      1.8448421708742777,
      1.8277753893534343,
      1.8128096850713094,
      1.7965624403953553,
      1.784912014802297,
      1.7641929999987285,
      1.759226172765096,
      1.7426759894688924,
      1.7109592827161153,
      1.6655618985493978,
      1.624845213095347,
      1.5826834718386331,
      1.5600941371917725,
      1.5335425114631653,
      1.495224228700002,
      1.469185840288798,
      1.4549103728930155,
      1.4228681898117066,
      1.3946668648719787,
      1.3650388248761496,
      1.358922414779663,
      1.3266879534721374,
      1.3052563087145488,
      1.2884382700920105,
      1.258332574367523,
      1.2479089033603668,
      1.2272825543085735,
      1.2105642255147298,
      1.1987913091977438,
      1.1852542797724406,
      1.1651735122998554,
      1.1470922549565634,
      1.1337851444880167,
      1.1192556738853454,
      1.1074496297041576,
      1.1003935078779856,
      1.0797320564587911,
      1.0703528829415638,
      1.0574141669273376,
      1.0545758966604868,
      1.0385709222157795
    ],
    "train_acc": [
      13.989583333333334,
      17.5625,
      19.046875,
      20.161458333333332,
      20.994791666666668,
      22.463541666666668,
      22.53125,
      23.505208333333332,
      24.864583333333332,
      25.072916666666668,
      26.833333333333332,
      27.677083333333332,
      29.578125,
      29.744791666666668,
      31.15625,
      31.84375,
      32.979166666666664,
      34.671875,
      36.635416666666664,
      37.598958333333336,
      39.229166666666664,
      39.854166666666664,
      41.171875,
      43.661458333333336,
      45.25,
      46.083333333333336,
      47.197916666666664,
      49.046875,
      50.6875,
      50.838541666666664,
      52.072916666666664,
      53.046875,
      53.96875,
      55.296875,
      55.765625,
      56.697916666666664,
      57.411458333333336,
      57.291666666666664,
      57.963541666666664,
      58.859375,
      59.473958333333336,
      60.223958333333336,
      60.244791666666664,
      60.911458333333336,
      61.328125,
      62.119791666666664,
      62.140625,
      63.020833333333336,
      63.291666666666664,
      63.802083333333336
    ],
    "test_loss": [
      2.3100828250249226,
      2.5295433727900187,
      2.665638640721639,
      3.056178644498189,
      2.5071038436889648,
      2.549568874041239,
      2.4137986580530804,
      2.3513448286056517,
      2.458421990076701,
      2.3504738235473632,
      2.338664660453796,
      2.3828545308113096,
      2.44748681863149,
      2.302161990801493,
      2.277010866800944,
      2.3995937665303546,
      2.2160647392272947,
      2.056905461947123,
      2.2619039289156597,
      2.3516732819875084,
      1.9769447112083436,
      2.0347416106859844,
      1.792799596786499,
      1.9263067158063252,
      1.801181378364563,
      1.793667987982432,
      1.6348156865437826,
      1.5650261878967284,
      1.7568248184521993,
      1.5999666142463684,
      1.6314875594774882,
      1.4619323301315308,
      1.4546651045481365,
      1.433941932519277,
      1.3945089713732401,
      1.519873289267222,
      1.4009700671831766,
      1.6608375684420267,
      1.4580773814519246,
      1.5715337785085042,
      1.4157963474591573,
      1.3602088507016499,
      1.3090689420700072,
      1.4064398376146952,
      1.385823717912038,
      1.3706647849082947,
      1.3591523194313049,
      1.468064355055491,
      1.3590704250335692,
      1.3464220094680786
    ],
    "test_acc": [
      9.85,
      9.85,
      10.4,
      10.4,
      9.85,
      10.233333333333333,
      12.683333333333334,
      13.7,
      13.166666666666666,
      13.65,
      12.883333333333333,
      15.1,
      12.016666666666667,
      12.683333333333334,
      12.666666666666666,
      11.266666666666667,
      14.95,
      19.566666666666666,
      15.783333333333333,
      17.916666666666668,
      24.3,
      21.75,
      30.366666666666667,
      26.633333333333333,
      33.36666666666667,
      34.06666666666667,
      38.15,
      41.78333333333333,
      36.4,
      41.95,
      41.55,
      47.55,
      48.78333333333333,
      50.333333333333336,
      51.03333333333333,
      48.03333333333333,
      49.86666666666667,
      41.96666666666667,
      47.93333333333333,
      42.71666666666667,
      50.21666666666667,
      54.03333333333333,
      54.916666666666664,
      50.266666666666666,
      52.11666666666667,
      51.6,
      51.483333333333334,
      48.38333333333333,
      53.25,
      53.2
    ]
  }
}