{
  "config": {
    "run_name": "exp2",
    "out_dir": "./results",
    "seed": 97862101,
    "device": null,
    "bs_train": 128,
    "bs_test": 40,
    "batches": 150,
    "epochs": 50,
    "early_stopping": 20,
    "checkpoints": null,
    "lr": 0.05,
    "reg": 0.001,
    "filters_per_layer": [
      32,
      64,
      128
    ],
    "layers_per_block": 9,
    "pool_every": 7,
    "hidden_dims": [
      100
    ],
    "model_type": "ycn",
    "kw": {}
  },
  "results": {
    "num_epochs": 0,
    "train_loss": [
      2.226256448427836,
      2.0385334157943724,
      1.9507649834950764,
      1.9204193838437398,
      1.9040349912643433,
      1.88297110637029,
      1.8571638305981955,
      1.8203612701098124,
      1.7687868189811706,
      1.7245021589597067,
      1.6721308732032776,
      1.642755041917165,
      1.6157825462023416,
      1.5921405013402303,
      1.552589139143626,
      1.5420017862319946,
      1.5083548323313396,
      1.4779897046089172,
      1.4537276260058085,
      1.419982653458913,
      1.3920862038930257,
      1.3756671492258707,
      1.3364027094841004,
      1.3079110550880433,
      1.2869953600565593,
      1.264281570116679,
      1.239547614256541,
      1.2218149463335672,
      1.205763469139735,
      1.1876923537254334,
      1.162459921836853,
      1.1419572500387827,
      1.1230241731802622,
      1.1094183937708537,
      1.0964204116662344,
      1.077816328605016,
      1.0620894038677215,
      1.0456648317972819,
      1.0367126766840618,
      1.024013903538386,
      1.0067823481559754,
      0.9930040562152862,
      0.9782579139868418,
      0.978442309697469,
      0.9638966166973114,
      0.9559890937805176,
      0.9313892062505086,
      0.9247443048159282,
      0.9162799497445424,
      0.9018776826063792
    ],
    "train_acc": [
      14.484375,
      17.744791666666668,
      19.625,
      20.776041666666668,
      21.447916666666668,
      22.645833333333332,
      24.625,
      27.25,
      29.526041666666668,
      31.890625,
      33.661458333333336,
      34.515625,
      35.661458333333336,
      37.890625,
      39.46875,
      40.244791666666664,
      41.489583333333336,
      42.90625,
      44.817708333333336,
      46.609375,
      47.828125,
      49.052083333333336,
      50.447916666666664,
      52.067708333333336,
      52.75,
      53.635416666666664,
      55.041666666666664,
      55.552083333333336,
      56.552083333333336,
      57.135416666666664,
      57.854166666666664,
      59.104166666666664,
      60.098958333333336,
      60.411458333333336,
      61.213541666666664,
      61.697916666666664,
      62.65625,
      62.958333333333336,
      63.833333333333336,
      63.854166666666664,
      64.34375,
      65.28645833333333,
      65.60416666666667,
      65.5625,
      66.78125,
      66.984375,
      67.84375,
      67.69791666666667,
      68.08854166666667,
      68.6875
    ],
    "test_loss": [
      2.3866897122065227,
      3.388860402107239,
      3.8872325309117635,
      4.367337484359741,
      4.090763487815857,
      3.8801170635223388,
      3.6923194201787313,
      3.097874344189962,
      3.0921872250239053,
      2.9991321118672687,
      2.636989096005758,
      3.10001292069753,
      2.8884321228663126,
      2.787233378092448,
      2.7831075175603233,
      2.607221918106079,
      2.7735473187764486,
      2.37476122379303,
      1.9422072052955628,
      1.9329303296407063,
      1.9652856667836507,
      1.7018054461479186,
      1.799498312473297,
      2.1339546418190003,
      1.7999916370709736,
      1.6251267274220784,
      1.6954300260543824,
      1.7276369150479634,
      1.7423331061999003,
      1.802335607210795,
      1.33023406068484,
      1.7482687457402548,
      1.738743742307027,
      1.6411776034037273,
      1.4650975632667542,
      1.3533457362651824,
      1.3538935069243114,
      1.603211812178294,
      1.5141435734430948,
      1.2137308359146117,
      1.2715775950749715,
      1.2345101002852121,
      1.2013566295305889,
      1.1731625898679097,
      1.3331555251280467,
      1.2461800241470338,
      1.0930844366550445,
      1.1060423040390015,
      1.046213581164678,
      1.0999951918919881
    ],
    "test_acc": [
      10.25,
      10.25,
      10.25,
      10.25,
      10.25,
      10.25,
      10.333333333333334,
      11.283333333333333,
      12.1,
      12.3,
      17.783333333333335,
      16.15,
      18.483333333333334,
      17.1,
      19.016666666666666,
      20.866666666666667,
      19.85,
      24.616666666666667,
      29.316666666666666,
      31.55,
      26.9,
      36.916666666666664,
      31.383333333333333,
      29.916666666666668,
      32.96666666666667,
      40.36666666666667,
      37.56666666666667,
      37.61666666666667,
      38.15,
      33.45,
      49.38333333333333,
      38.65,
      41.05,
      41.63333333333333,
      47.45,
      53.38333333333333,
      53.03333333333333,
      46.36666666666667,
      45.733333333333334,
      56.55,
      56.46666666666667,
      58.78333333333333,
      59.733333333333334,
      60.983333333333334,
      56.266666666666666,
      59.78333333333333,
      62.63333333333333,
      62.65,
      64.78333333333333,
      62.21666666666667
    ]
  }
}