{
  "config": {
    "run_name": "exp2",
    "out_dir": "./results",
    "seed": 37778954,
    "device": null,
    "bs_train": 128,
    "bs_test": 40,
    "batches": 150,
    "epochs": 50,
    "early_stopping": 20,
    "checkpoints": null,
    "lr": 0.05,
    "reg": 0.001,
    "filters_per_layer": [
      32,
      64,
      128
    ],
    "layers_per_block": 3,
    "pool_every": 4,
    "hidden_dims": [
      100
    ],
    "model_type": "ycn",
    "kw": {}
  },
  "results": {
    "num_epochs": 0,
    "train_loss": [
      2.1151223460833233,
      1.8964603797594706,
      1.7271041226387025,
      1.6296431342760722,
      1.5650525712966918,
      1.5058978199958801,
      1.4464785051345825,
      1.3743078668912252,
      1.3123539590835571,
      1.26059863726298,
      1.2125864493846894,
      1.1610330839951832,
      1.1097401694456737,
      1.063059578736623,
      1.0229004323482513,
      0.9845669802029927,
      0.9551272094249725,
      0.9197302424907684,
      0.8837072245279948,
      0.8459437584877014,
      0.8116774400075276,
      0.7906718973318736,
      0.7583440466721852,
      0.7357359743118286,
      0.7135376588503519,
      0.6701687296231588,
      0.6483296545346579,
      0.6345506550868353,
      0.6045953671137492,
      0.5770449304580688,
      0.5636234217882157,
      0.5434062723318736,
      0.5286505025625229,
      0.5134573503335317,
      0.495316926240921,
      0.4707536784807841,
      0.4578913935025533,
      0.44502845366795857,
      0.4330509446064631,
      0.4174711807568868,
      0.402315760354201,
      0.4016959834098816,
      0.3835327873627345,
      0.3723267589012782,
      0.36386698226133984,
      0.34379643827676776,
      0.3412363920609156,
      0.3323541671037674,
      0.3242007025082906,
      0.3208632547656695
    ],
    "train_acc": [
      20.505208333333332,
      29.817708333333332,
      36.083333333333336,
      39.651041666666664,
      41.875,
      44.494791666666664,
      47.010416666666664,
      50.270833333333336,
      52.744791666666664,
      54.697916666666664,
      56.25,
      58.161458333333336,
      60.411458333333336,
      61.989583333333336,
      63.4375,
      64.65104166666667,
      66.08333333333333,
      67.06770833333333,
      68.32291666666667,
      69.91145833333333,
      70.77083333333333,
      71.80208333333333,
      72.78125,
      73.66666666666667,
      74.71354166666667,
      75.86458333333333,
      76.67708333333333,
      77.03645833333333,
      78.60416666666667,
      78.84895833333333,
      79.70833333333333,
      80.3125,
      80.49479166666667,
      81.33854166666667,
      81.796875,
      82.5,
      83.27083333333333,
      83.375,
      84.0,
      84.53125,
      85.29166666666667,
      85.11458333333333,
      85.46354166666667,
      86.24479166666667,
      86.52604166666667,
      87.22916666666667,
      87.31770833333333,
      87.66145833333333,
      88.0,
      88.265625
    ],
    "test_loss": [
      2.345738207499186,
      1.9276505788167317,
      1.750836374759674,
      1.611620208422343,
      1.5583153986930847,
      1.4885846972465515,
      1.3799824587504068,
      1.3222365856170655,
      1.2728352761268615,
      1.2772561995188396,
      1.2091726211706797,
      1.265103990236918,
      1.3118668039639791,
      1.1458375541369121,
      1.2266022078196208,
      1.0788679234186809,
      1.0991879073778787,
      1.1642228003342947,
      1.1552989288171132,
      1.1203603804111482,
      1.1020354763666789,
      1.0878526945908864,
      1.3899746803442636,
      0.9582708346843719,
      1.012138394912084,
      1.2824945116043092,
      1.0664141587416331,
      0.975685464143753,
      1.1481374824047088,
      0.9218749781449636,
      1.052008448044459,
      0.9141375279426575,
      1.0107098778088888,
      1.0468435194094976,
      1.0949591652552286,
      0.9884303464492162,
      1.075211883187294,
      1.0793323445320129,
      0.9919624195496242,
      0.9792678654193878,
      1.0083440701166788,
      0.9672568412621816,
      0.8796949211756389,
      1.0650755246480306,
      0.9494248288869858,
      1.0147430930535,
      0.8865380018949509,
      0.9810372251272201,
      1.065839187502861,
      0.9999003374576568
    ],
    "test_acc": [
      13.283333333333333,
      31.366666666666667,
      37.55,
      42.4,
      43.65,
      46.8,
      51.86666666666667,
      53.46666666666667,
      55.2,
      55.4,
      57.166666666666664,
      55.666666666666664,
      53.583333333333336,
      59.43333333333333,
      56.483333333333334,
      61.35,
      61.7,
      60.483333333333334,
      59.25,
      61.333333333333336,
      61.65,
      62.71666666666667,
      55.13333333333333,
      67.0,
      65.25,
      57.833333333333336,
      64.88333333333334,
      67.21666666666667,
      62.18333333333333,
      68.26666666666667,
      64.73333333333333,
      69.25,
      66.36666666666666,
      65.75,
      64.81666666666666,
      67.65,
      66.05,
      66.21666666666667,
      68.53333333333333,
      68.43333333333334,
      68.16666666666667,
      69.63333333333334,
      72.08333333333333,
      67.56666666666666,
      70.06666666666666,
      70.03333333333333,
      72.41666666666667,
      71.23333333333333,
      69.18333333333334,
      71.1
    ]
  }
}