{
  "config": {
    "run_name": "exp2",
    "out_dir": "./results",
    "seed": 1108288195,
    "device": null,
    "bs_train": 128,
    "bs_test": 40,
    "batches": 150,
    "epochs": 50,
    "early_stopping": 3,
    "checkpoints": null,
    "lr": 0.001,
    "reg": 0.001,
    "filters_per_layer": [
      32,
      64,
      128
    ],
    "layers_per_block": 6,
    "pool_every": 4,
    "hidden_dims": [
      100
    ],
    "model_type": "ycn",
    "kw": {}
  },
  "results": {
    "num_epochs": 0,
    "train_loss": [
      2.3052783107757566,
      2.3043943961461384,
      2.304751405715942,
      2.3041882626215617,
      2.303760333061218,
      2.3036635017395017,
      2.30266037940979,
      2.302177761395772,
      2.3008581574757896,
      2.299285090764364,
      2.295722983678182,
      2.289680488904317,
      2.281910406748454
    ],
    "train_acc": [
      10.041666666666666,
      9.890625,
      10.203125,
      10.380208333333334,
      10.328125,
      10.213541666666666,
      10.390625,
      10.713541666666666,
      11.244791666666666,
      11.630208333333334,
      12.302083333333334,
      12.989583333333334,
      13.802083333333334
    ],
    "test_loss": [
      2.304449184735616,
      2.3043396870295205,
      2.304239404996236,
      2.3041511805852255,
      2.304074996312459,
      2.3040045404434206,
      2.3039554913838702,
      2.3038990020751955,
      2.3038543828328453,
      2.303840300242106,
      2.303842840194702,
      2.303854670524597,
      2.303902497291565
    ],
    "test_acc": [
      10.333333333333334,
      10.333333333333334,
      10.333333333333334,
      10.333333333333334,
      10.333333333333334,
      10.333333333333334,
      10.333333333333334,
      10.333333333333334,
      10.333333333333334,
      10.333333333333334,
      10.333333333333334,
      10.333333333333334,
      10.333333333333334
    ]
  }
}