{
  "config": {
    "run_name": "exp2",
    "out_dir": "./results",
    "seed": 677840701,
    "device": null,
    "bs_train": 128,
    "bs_test": 40,
    "batches": 150,
    "epochs": 50,
    "early_stopping": 3,
    "checkpoints": null,
    "lr": 0.001,
    "reg": 0.001,
    "filters_per_layer": [
      32,
      64,
      128
    ],
    "layers_per_block": 12,
    "pool_every": 7,
    "hidden_dims": [
      100
    ],
    "model_type": "ycn",
    "kw": {}
  },
  "results": {
    "num_epochs": 0,
    "train_loss": [
      2.3047709051767984,
      2.304390261967977,
      2.304075032869975,
      2.303960657119751,
      2.303925747871399,
      2.3036378701527913,
      2.303544626235962,
      2.3028716246287027,
      2.3026973104476927,
      2.3023253297805786,
      2.3022531207402546,
      2.3019803889592487,
      2.301636075973511,
      2.301299082438151,
      2.300886608759562,
      2.3005149666468303,
      2.30018835067749,
      2.2996852350234986,
      2.2993067757288617,
      2.2986199553807576,
      2.298073854446411,
      2.29754212697347,
      2.2967043034235637,
      2.295883191426595,
      2.295272650718689,
      2.29426708539327,
      2.2931022453308105,
      2.2917634646097818,
      2.290547954241435,
      2.2888164218266804,
      2.286875605583191,
      2.2844607623418174,
      2.2824602460861207,
      2.280076119105021
    ],
    "train_acc": [
      9.739583333333334,
      9.770833333333334,
      9.84375,
      9.692708333333334,
      9.713541666666666,
      9.9375,
      9.609375,
      10.026041666666666,
      10.119791666666666,
      10.010416666666666,
      10.151041666666666,
      10.432291666666666,
      10.244791666666666,
      10.348958333333334,
      10.71875,
      10.625,
      11.130208333333334,
      11.270833333333334,
      11.057291666666666,
      11.40625,
      11.5625,
      12.020833333333334,
      12.197916666666666,
      12.682291666666666,
      12.401041666666666,
      12.473958333333334,
      12.953125,
      12.953125,
      13.135416666666666,
      13.510416666666666,
      13.90625,
      14.052083333333334,
      13.895833333333334,
      14.489583333333334
    ],
    "test_loss": [
      2.3045557737350464,
      2.304473179181417,
      2.3043932914733887,
      2.30432102839152,
      2.3042510668436686,
      2.304186652501424,
      2.304124811490377,
      2.304064400990804,
      2.304010909398397,
      2.3039554198582968,
      2.30391073067983,
      2.303866918881734,
      2.30382008711497,
      2.3037823677062987,
      2.303747475941976,
      2.303711838722229,
      2.30367915948232,
      2.3036537631352743,
      2.3036261065800985,
      2.303605817159017,
      2.3035831451416016,
      2.303563669522603,
      2.3035445833206176,
      2.303531311353048,
      2.303517446517944,
      2.303508152961731,
      2.3034979184468587,
      2.3034917656580607,
      2.30348903020223,
      2.3034869877497357,
      2.303486835161845,
      2.3034908676147463,
      2.303497336705526,
      2.303506646156311
    ],
    "test_acc": [
      9.933333333333334,
      9.933333333333334,
      9.933333333333334,
      9.933333333333334,
      9.933333333333334,
      9.933333333333334,
      9.933333333333334,
      9.933333333333334,
      9.933333333333334,
      9.933333333333334,
      9.933333333333334,
      9.933333333333334,
      9.933333333333334,
      9.933333333333334,
      9.933333333333334,
      9.933333333333334,
      9.933333333333334,
      9.933333333333334,
      9.933333333333334,
      9.933333333333334,
      9.966666666666667,
      9.966666666666667,
      9.966666666666667,
      9.966666666666667,
      9.966666666666667,
      9.966666666666667,
      9.966666666666667,
      9.966666666666667,
      9.966666666666667,
      9.966666666666667,
      9.966666666666667,
      9.966666666666667,
      9.966666666666667,
      9.966666666666667
    ]
  }
}